Quantidade;DataHoraProducaoAux;cd_Referencia;ds_Prod;qtdItem;dt_LimiteEntrega;cdEnt;Nome;Apelido;dt_Pedido;cdPedido;ds_potencia;PotenciaKVA;nrofasesTrafo;ds_classeTensaoTrafo;dt_criacao;NroRevisao;dt_Revisao;ds_TensaoTrafo;ds_TensaoTrafoSec;ds_TapsTrafo;cd_SglEstado;DiaSemana;SemanaAno;Ano;Mes;ds_TpEnrolamentoNucleo;Ds_tpConstrTrafo;Dia;cd_TpEnrolamentoNucleo;ds_TensaoTrafoDesp;QtdProduzida;TotalJC;TotalAM;TotalEMP;TotalEMPLM;TotalENR;TotalSL;cdEntEmpDesti;SeqPlano;QtdAproduzirTotal;QtdAproduzir;Data_Snapshot
1;2026-07-21;TPD-416454;TRANSFORMADOR 75kVA 24,2kV 3F 380/220V 23100V                                                                           ;20;2026-07-21;1;TRAEL TRANSFORMADORES ELETRICOS LTDA;TRAEL- Matriz;2026-05-22 18:13:29;68285;75 kVA    ;75.0;TRI;24,2 kV        ;2025-08-13;0;;23.100 / 22.000 / 20.900 V                                            ;380/220V                                                              ;3              ;MT;TER;30;2026;7;EMP                                     ;Selado              ;21;3;23100V                                                                ;0;0;0;1;0;0;0;1;212.0;2;1;2026-08-25
1;2026-07-23;TPD-393237;TRANSFORMADOR 75kVA 15kV 3F 380/220V 13800V                                                                             ;10;2026-07-21;1;TRAEL TRANSFORMADORES ELETRICOS LTDA;TRAEL- Matriz;2026-05-22 18:13:29;68285;75 kVA    ;75.0;TRI;15kV           ;2024-08-02;1;2024-09-02;13.800 / 13.200 / 12.600 / 12.000 / 11.400 V                          ;380/220V                                                              ;5              ;MT;QUI;30;2026;7;EMP                                     ;Selado              ;23;3;13800V                                                                ;0;0;0;1;0;0;0;1;237.0;1;1;2026-08-25
1;2026-07-24;TPD-378930;TRANSFORMADOR 75kVA 36,2kV 3F 220/127V 33000V                                                                           ;5;2026-07-21;1;TRAEL TRANSFORMADORES ELETRICOS LTDA;TRAEL- Matriz;2026-05-22 18:13:29;68285;75 kVA    ;75.0;TRI;36,2kV         ;2024-03-04;2;2024-07-18;19.053 V                                                              ;220/127V                                                              ;1              ;MT;SEX;30;2026;7;JC                                      ;Selado              ;24;2;19.053 V                                                              ;0;1;0;0;0;0;0;1;256.0;2;1;2026-08-25
1;2026-07-24;TPD-415514;TRANSFORMADOR 75kVA 15kV 3F 220/127V 13200V                                                                             ;20;2026-07-21;1;TRAEL TRANSFORMADORES ELETRICOS LTDA;TRAEL- Matriz;2026-05-22 18:13:29;68285;75 kVA    ;75.0;TRI;15kV           ;2025-09-23;0;;13.200 V                                                              ;220/127V                                                              ;1              ;MT;SEX;30;2026;7;EMP                                     ;Selado              ;24;3;13200V                                                                ;0;0;0;1;0;0;0;1;254.0;12;1;2026-08-25
1;2026-07-24;TPD-423673;TRANSFORMADOR 112,5kVA 24,2kV 3F 380/220V 23100V                                                                        ;20;2026-07-21;1;TRAEL TRANSFORMADORES ELETRICOS LTDA;TRAEL- Matriz;2026-05-22 18:13:29;68285;112,5 kVA ;112.5;TRI;24,2 kV        ;2025-12-10;0;;23.100 / 22.000 / 20.900 V                                            ;380/220V                                                              ;3              ;MT;SEX;30;2026;7;EMP                                     ;Selado              ;24;3;23100V                                                                ;0;0;0;1;0;0;0;1;257.0;1;1;2026-08-25
1;2026-07-27;TPD-386830;TRANSFORMADOR 75kVA 15kV 3F 220/127V 13800V                                                                             ;20;2026-06-30;1;TRAEL TRANSFORMADORES ELETRICOS LTDA;TRAEL- Matriz;2026-04-23 08:26:38;67222;75 kVA    ;75.0;TRI;15kV           ;2024-06-21;1;2024-08-16;13800/13200/12600 V                                                   ;220/127V                                                              ;3              ;MT;SEG;31;2026;7;EMP                                     ;Selado              ;27;3;13800V                                                                ;0;0;0;1;0;0;0;1;267.0;13;1;2026-08-25
1;2026-07-27;TPD-434448;TRANSFORMADOR 150kVA 15kV 3F 380/220V 14400V                                                                            ;1;2026-08-03;151648;JEL AGROINDUSTRIA E COMERCIO DE PESCADOS LTDA;NATURALE FISH;2026-05-08 09:43:30;67736;150 kVA   ;150.0;TRI;15kV           ;2026-06-16;0;;14400/13800/13200/12600V                                              ;380/220V                                                              ;4              ;MT;SEG;31;2026;7;EMP                                     ;Selado              ;27;3;13800V                                                                ;0;0;0;1;0;0;0;1;275.0;1;1;2026-08-25
2;2026-07-28;TPD-434189;TRANSFORMADOR 150kVA 24,2kV 3F 380/220V 23100V                                                                          ;12;2026-07-14;161623;WEGG CHAPECO EMPREENDIMENTOS IMOBILIARIOS LTDA;WEGG CHAPECO EMPREENDIMENTOS IMOBILIARIOS LTDA;2026-05-15 00:00:00;68031;150 kVA   ;150.0;TRI;24,2 kV        ;2026-06-15;0;;23100/22000/20900V                                                    ;380/220V                                                              ;3              ;PR;TER;31;2026;7;EMP-LM                                  ;Selado              ;28;6;23100V                                                                ;0;0;0;0;2;0;0;1;286.0;10;2;2026-08-25
2;2026-07-29;TPD-434189;TRANSFORMADOR 150kVA 24,2kV 3F 380/220V 23100V                                                                          ;12;2026-07-14;161623;WEGG CHAPECO EMPREENDIMENTOS IMOBILIARIOS LTDA;WEGG CHAPECO EMPREENDIMENTOS IMOBILIARIOS LTDA;2026-05-15 00:00:00;68031;150 kVA   ;150.0;TRI;24,2 kV        ;2026-06-15;0;;23100/22000/20900V                                                    ;380/220V                                                              ;3              ;PR;QUA;31;2026;7;EMP-LM                                  ;Selado              ;29;6;23100V                                                                ;0;0;0;0;2;0;0;1;306.0;10;2;2026-08-25
1;2026-07-30;TPD-420719;TRANSFORMADOR 25kVA 36,2kV 1F 254/127V 21651V                                                                           ;20;2026-07-21;1;TRAEL TRANSFORMADORES ELETRICOS LTDA;TRAEL- Matriz;2026-05-22 18:13:29;68285;25 kVA    ;25.0;MON;36,2kV         ;2025-10-23;0;;21.651 / 20.785 / 19.919 / 19.053 / 18.187 V                          ;254/127V                                                              ;5              ;MT;QUI;31;2026;7;JC                                      ;Selado              ;30;2;19919V                                                                ;0;1;0;0;0;0;0;1;316.0;1;1;2026-08-25
2;2026-07-30;TPD-434189;TRANSFORMADOR 150kVA 24,2kV 3F 380/220V 23100V                                                                          ;12;2026-07-14;161623;WEGG CHAPECO EMPREENDIMENTOS IMOBILIARIOS LTDA;WEGG CHAPECO EMPREENDIMENTOS IMOBILIARIOS LTDA;2026-05-15 00:00:00;68031;150 kVA   ;150.0;TRI;24,2 kV        ;2026-06-15;0;;23100/22000/20900V                                                    ;380/220V                                                              ;3              ;PR;QUI;31;2026;7;EMP-LM                                  ;Selado              ;30;6;23100V                                                                ;0;0;0;0;2;0;0;1;326.0;10;2;2026-08-25
1;2026-07-30;TPD-434527;TRANSFORMADOR 112,5kVA 15kV 3F 220/127V 14400V                                                                          ;20;2026-07-21;1;TRAEL TRANSFORMADORES ELETRICOS LTDA;TRAEL- Matriz;2026-05-22 18:13:29;68285;112,5 kVA ;112.5;TRI;15kV           ;2026-06-15;0;;14400/13800/13200/12600V                                              ;220/127V                                                              ;4              ;MT;QUI;31;2026;7;EMP                                     ;Selado              ;30;3;13800V                                                                ;0;0;0;1;0;0;0;1;324.0;1;1;2026-08-25
1;2026-07-31;TPD-378146;TRANSFORMADOR 10kVA 15kV 1F 440/220V 7967V                                                                              ;51;2026-09-11;11418;Equatorial Goiás Distribuidora de Energia S/A.;EQTL - GO;2026-07-29 08:19:13;70714;10 kVA    ;10.0;MON;15kV           ;2024-03-18;3;2026-08-04;7967/7621/7275V                                                       ;440/220V                                                              ;3              ;GO;SEX;31;2026;7;ENR                                     ;Selado              ;31;1;7967V                                                                 ;0;0;0;0;0;1;0;1;;1;1;2026-08-25
1;2026-07-31;TPD-390829;TRANSFORMADOR 10kVA 15kV 1F 240/120V 7967V                                                                              ;300;2026-10-01;11419;Cemig Distribuição S/A;Cemig D;2026-05-18 08:31:27;68052;10 kVA    ;10.0;MON;15kV           ;2024-12-20;0;;7967/7621/7275V                                                       ;240/120V                                                              ;3              ;MG;SEX;31;2026;7;JC                                      ;Selado              ;31;2;7967V                                                                 ;0;1;0;0;0;0;0;1;327.0;1;1;2026-08-25
1;2026-07-31;TPD-420707;TRANSFORMADOR 15kVA 36,2kV 1F 254/127V 21651V                                                                           ;20;2026-07-21;1;TRAEL TRANSFORMADORES ELETRICOS LTDA;TRAEL- Matriz;2026-05-22 18:13:29;68285;15 kVA    ;15.0;MON;36,2kV         ;2025-10-28;0;;21.651 / 20.785 / 19.919 / 19.053 / 18.187 V                          ;254/127V                                                              ;5              ;MT;SEX;31;2026;7;JC                                      ;Selado              ;31;2;19919V                                                                ;0;1;0;0;0;0;0;1;333.0;1;1;2026-08-25
2;2026-07-31;TPD-420746;TRANSFORMADOR 75kVA 15kV 3F 380/220 14400V                                                                              ;18;2026-10-06;137277;ALKMIR DA SILVA DE ARAUJO PYRRHO;SEA SERVICOS E VENDAS;2026-08-07 11:05:43;71089;75 kVA    ;75.0;TRI;15kV           ;2025-10-27;0;;14400/13800/13200/12600V                                              ;380/220V                                                              ;4              ;PB;SEX;31;2026;7;EMP                                     ;Selado              ;31;3;13800V                                                                ;0;0;0;2;0;0;0;1;342.0;2;2;2026-08-25
4;2026-07-31;TPD-434189;TRANSFORMADOR 150kVA 24,2kV 3F 380/220V 23100V                                                                          ;12;2026-07-14;161623;WEGG CHAPECO EMPREENDIMENTOS IMOBILIARIOS LTDA;WEGG CHAPECO EMPREENDIMENTOS IMOBILIARIOS LTDA;2026-05-15 00:00:00;68031;150 kVA   ;150.0;TRI;24,2 kV        ;2026-06-15;0;;23100/22000/20900V                                                    ;380/220V                                                              ;3              ;PR;SEX;31;2026;7;EMP-LM                                  ;Selado              ;31;6;23100V                                                                ;0;0;0;0;4;0;0;1;349.0;10;4;2026-08-25
2;2026-07-31;TPD-434527;TRANSFORMADOR 112,5kVA 15kV 3F 220/127V 14400V                                                                          ;30;2026-06-30;1;TRAEL TRANSFORMADORES ELETRICOS LTDA;TRAEL- Matriz;2026-04-23 08:26:38;67222;112,5 kVA ;112.5;TRI;15kV           ;2026-06-15;0;;14400/13800/13200/12600V                                              ;220/127V                                                              ;4              ;MT;SEX;31;2026;7;EMP                                     ;Selado              ;31;3;13800V                                                                ;0;0;0;2;0;0;0;1;346.0;27;2;2026-08-25
1;2026-07-31;TPD-435355;TRANSFORMADOR 10kVA 15kV 1F 240/120V 8660V                                                                              ;35;2026-07-31;1;TRAEL TRANSFORMADORES ELETRICOS LTDA;TRAEL- Matriz;2026-05-22 18:13:29;68285;10 kVA    ;10.0;MON;15kV           ;2026-06-11;0;;8660/8314/7967/7621/7275V                                             ;240/120V                                                              ;5              ;MT;SEX;31;2026;7;JC                                      ;Selado              ;31;2;7967V                                                                 ;0;1;0;0;0;0;0;1;328.0;7;1;2026-08-25
2;2026-08-03;TPD-378293;TRANSFORMADOR 75kVA 15kV 3F 220/127V 13800V                                                                             ;8;2026-10-14;11425;Equatorial Para Distribuidora de Energia S.A;EQTL - PA;2026-08-14 08:17:29;71340;75 kVA    ;75.0;TRI;15kV           ;2024-02-15;7;2024-09-06;13800/13200/12600 V                                                   ;220/127V                                                              ;3              ;PA;SEG;32;2026;8;EMP                                     ;Selado              ;3;3;13800V                                                                ;0;0;0;2;0;0;0;1;17.0;2;2;2026-08-25
4;2026-08-03;TPD-378293;TRANSFORMADOR 75kVA 15kV 3F 220/127V 13800V                                                                             ;150;2026-09-01;152975;Equatorial S.A.;Equatorial S.A.;2026-06-24 00:00:00;69500;75 kVA    ;75.0;TRI;15kV           ;2024-02-15;7;2024-09-06;13800/13200/12600 V                                                   ;220/127V                                                              ;3              ;MA;SEG;32;2026;8;EMP                                     ;Selado              ;3;3;13800V                                                                ;0;0;0;4;0;0;0;1;17.0;149;4;2026-08-25
3;2026-08-03;TPD-378315;TRANSFORMADOR 75kVA 36,2kV 3F 220/127V 34500V                                                                           ;10;2026-09-01;152975;Equatorial S.A.;Equatorial S.A.;2026-06-24 00:00:00;69500;75 kVA    ;75.0;TRI;36,2kV         ;2024-05-02;1;2024-08-14;34.500 / 33.000 / 31.500 V                                            ;220/127V                                                              ;3              ;MA;SEG;32;2026;8;EMP                                     ;Selado              ;3;3;34500V                                                                ;0;0;0;3;0;0;0;1;19.0;3;3;2026-08-25
5;2026-08-03;TPD-386794;TRANSFORMADOR 112,5kVA 15kV 3F 220/127V 13800V                                                                          ;18;2026-08-21;162398;CASANOVA ALDEBARAN CURUMIM EMPREENDIMENTO IMOBILIARIO SPE LT;CASANOVA ALDEBARAN CURUMIM EMPREENDIMENTO IMOBILIARIO SPE LT;2026-06-22 10:08:46;69417;112,5 kVA ;112.5;TRI;15kV           ;2024-06-20;2;2025-07-03;13.800 / 13.200 / 12.600 V                                            ;220/127V                                                              ;3              ;RS;SEG;32;2026;8;EMP                                     ;Selado              ;3;3;13800V                                                                ;0;0;0;5;0;0;0;1;20.0;17;5;2026-08-25
1;2026-08-03;TPD-402914;TRANSFORMADOR 45kVA 36,2kV 3F 220/127V 34500V                                                                           ;5;2026-09-01;152975;Equatorial S.A.;Equatorial S.A.;2026-06-24 00:00:00;69500;45 kVA    ;45.0;TRI;36,2kV         ;2025-02-11;0;;34.500 / 33.000 / 31.500 V                                            ;220/127V                                                              ;3              ;MA;SEG;32;2026;8;EMP                                     ;Selado              ;3;3;34500V                                                                ;0;0;0;1;0;0;0;1;15.0;1;1;2026-08-25
4;2026-08-03;TPD-402915;TRANSFORMADOR 45kVA 15kV 3F 220/127V 13800V                                                                             ;50;2026-09-01;152975;Equatorial S.A.;Equatorial S.A.;2026-06-24 00:00:00;69500;45 kVA    ;45.0;TRI;15kV           ;2025-01-30;0;;13.800 / 13.200 / 12.600 V                                            ;220/127V                                                              ;3              ;MA;SEG;32;2026;8;EMP                                     ;Selado              ;3;3;13800V                                                                ;0;0;0;4;0;0;0;1;14.0;43;4;2026-08-25
4;2026-08-03;TPD-402970;TRANSFORMADOR 150kVA 15kV 3F 380/220V 13800V                                                                            ;29;2026-08-20;11418;Equatorial Goiás Distribuidora de Energia S/A.;EQTL - GO;2026-06-25 09:29:56;69549;150 kVA   ;150.0;TRI;15kV           ;2024-12-30;2;2025-01-24;13.800 / 13.200 / 12.600 V                                            ;380/220V                                                              ;3              ;GO;SEG;32;2026;8;EMP-LM                                  ;Selado              ;3;6;13800V                                                                ;0;0;0;0;4;0;0;1;22.0;29;4;2026-08-25
10;2026-08-03;TPD-423606;TRANSFORMADOR 112,5kVA 15kV 3F 380/220V 13800V                                                                          ;10;2026-08-05;162358;ALTO JUAZEIRO CONSTRUCOES E INCORPORACOES SPE LTDA;ALTO JUAZEIRO;2026-06-15 10:24:30;69203;112,5 kVA ;112.5;TRI;15kV           ;2025-11-24;0;;13.800 / 13.200 / 12.600 / 12.000 / 11.400 V                          ;380/220V                                                              ;5              ;BA;SEG;32;2026;8;EMP                                     ;Selado              ;3;3;13800V                                                                ;0;0;0;10;0;0;0;1;21.0;10;10;2026-08-25
1;2026-08-03;TPD-429270;TRANSFORMADOR 37,5kVA 15kV 1F 254/127V 8660V                                                                            ;1;2026-08-28;134010;FENIX SOLUCOES ENERGETICAS LTDA;FENIX SOLUCOES ENERGETICAS;2026-06-10 11:43:18;69073;37,5 kVA  ;37.5;MON;15kV           ;2026-06-08;1;2026-07-07;8660/8314/7967/7621/7275V                                             ;254/127V                                                              ;5              ;MT;SEG;32;2026;8;EMP                                     ;Selado              ;3;3;7967V                                                                 ;0;0;0;1;0;0;0;1;13.0;1;1;2026-08-25
1;2026-08-03;TPD-435999;TRANSFORMADOR 75kVA 24,2kV 3F 380/220V 24200V                                                                           ;1;2026-08-07;162217;LOTEAMENTO FUZINATO LTDA;LOTEAMENTO FUZINATO LTDA;2026-06-03 15:07:59;68721;75 kVA    ;75.0;TRI;24,2 kV        ;2026-07-20;0;;24.200 / 23100 / 22.000 / 20.900 / 19.800V                            ;380/220V                                                              ;5              ;SC;SEG;32;2026;8;EMP                                     ;Selado              ;3;3;23100V                                                                ;0;0;0;1;0;0;0;1;18.0;1;1;2026-08-25
26;2026-08-04;TPD-378293;TRANSFORMADOR 75kVA 15kV 3F 220/127V 13800V                                                                             ;150;2026-09-01;152975;Equatorial S.A.;Equatorial S.A.;2026-06-24 00:00:00;69500;75 kVA    ;75.0;TRI;15kV           ;2024-02-15;7;2024-09-06;13800/13200/12600 V                                                   ;220/127V                                                              ;3              ;MA;TER;32;2026;8;EMP                                     ;Selado              ;4;3;13800V                                                                ;0;0;0;26;0;0;0;1;33.0;149;26;2026-08-25
2;2026-08-04;TPD-378317;TRANSFORMADOR 112,5kVA 36,2kV 3F 220/127V 34500V                                                                        ;5;2026-09-01;152975;Equatorial S.A.;Equatorial S.A.;2026-06-24 00:00:00;69500;112,5 kVA ;112.5;TRI;36,2kV         ;2024-04-04;2;2026-04-13;34.500 / 33.000 / 31.500 V                                            ;220/127V                                                              ;3              ;MA;TER;32;2026;8;EMP                                     ;Selado              ;4;3;34500V                                                                ;0;0;0;2;0;0;0;1;37.0;5;2;2026-08-25
12;2026-08-04;TPD-386794;TRANSFORMADOR 112,5kVA 15kV 3F 220/127V 13800V                                                                          ;18;2026-08-21;162398;CASANOVA ALDEBARAN CURUMIM EMPREENDIMENTO IMOBILIARIO SPE LT;CASANOVA ALDEBARAN CURUMIM EMPREENDIMENTO IMOBILIARIO SPE LT;2026-06-22 10:08:46;69417;112,5 kVA ;112.5;TRI;15kV           ;2024-06-20;2;2025-07-03;13.800 / 13.200 / 12.600 V                                            ;220/127V                                                              ;3              ;RS;TER;32;2026;8;EMP                                     ;Selado              ;4;3;13800V                                                                ;0;0;0;12;0;0;0;1;34.0;17;12;2026-08-25
18;2026-08-04;TPD-402915;TRANSFORMADOR 45kVA 15kV 3F 220/127V 13800V                                                                             ;50;2026-09-01;152975;Equatorial S.A.;Equatorial S.A.;2026-06-24 00:00:00;69500;45 kVA    ;45.0;TRI;15kV           ;2025-01-30;0;;13.800 / 13.200 / 12.600 V                                            ;220/127V                                                              ;3              ;MA;TER;32;2026;8;EMP                                     ;Selado              ;4;3;13800V                                                                ;0;0;0;18;0;0;0;1;32.0;43;18;2026-08-25
4;2026-08-04;TPD-402970;TRANSFORMADOR 150kVA 15kV 3F 380/220V 13800V                                                                            ;29;2026-08-20;11418;Equatorial Goiás Distribuidora de Energia S/A.;EQTL - GO;2026-06-25 09:29:56;69549;150 kVA   ;150.0;TRI;15kV           ;2024-12-30;2;2025-01-24;13.800 / 13.200 / 12.600 V                                            ;380/220V                                                              ;3              ;GO;TER;32;2026;8;EMP-LM                                  ;Selado              ;4;6;13800V                                                                ;0;0;0;0;4;0;0;1;38.0;29;4;2026-08-25
1;2026-08-04;TPD-434059;TRANSFORMADOR 112,5kVA 24,2kV 3F 380/220V 23100V                                                                        ;1;2026-09-04;162469;MARCIO FORMAGINI;MARCIO FORMAGINI;2026-06-30 09:12:39;69703;112,5 kVA ;112.5;TRI;24,2 kV        ;2026-06-05;0;;23100/22000/20900V                                                    ;380/220V                                                              ;3              ;RS;TER;32;2026;8;EMP                                     ;Selado              ;4;3;23100V                                                                ;0;0;0;1;0;0;0;1;35.0;1;1;2026-08-25
1;2026-08-04;TPD-434060;TRANSFORMADOR 112,5kVA 15kV 3F 380/220V 13800V                                                                          ;1;2026-09-10;162357;CESAR AUGUSTO GOBBI;CESAR AUGUSTO GOBBI;2026-06-22 15:59:27;69439;112,5 kVA ;112.5;TRI;15kV           ;2026-05-25;0;;13800/13200/12600 V                                                   ;380/220V                                                              ;3              ;RS;TER;32;2026;8;EMP                                     ;Selado              ;4;3;13800V                                                                ;0;0;0;1;0;0;0;1;36.0;1;1;2026-08-25
26;2026-08-05;TPD-378293;TRANSFORMADOR 75kVA 15kV 3F 220/127V 13800V                                                                             ;150;2026-09-01;152975;Equatorial S.A.;Equatorial S.A.;2026-06-24 00:00:00;69500;75 kVA    ;75.0;TRI;15kV           ;2024-02-15;7;2024-09-06;13800/13200/12600 V                                                   ;220/127V                                                              ;3              ;MA;QUA;32;2026;8;EMP                                     ;Selado              ;5;3;13800V                                                                ;0;0;0;26;0;0;0;1;47.0;149;26;2026-08-25
3;2026-08-05;TPD-378317;TRANSFORMADOR 112,5kVA 36,2kV 3F 220/127V 34500V                                                                        ;5;2026-09-01;152975;Equatorial S.A.;Equatorial S.A.;2026-06-24 00:00:00;69500;112,5 kVA ;112.5;TRI;36,2kV         ;2024-04-04;2;2026-04-13;34.500 / 33.000 / 31.500 V                                            ;220/127V                                                              ;3              ;MA;QUA;32;2026;8;EMP                                     ;Selado              ;5;3;34500V                                                                ;0;0;0;3;0;0;0;1;49.0;5;3;2026-08-25
10;2026-08-05;TPD-402915;TRANSFORMADOR 45kVA 15kV 3F 220/127V 13800V                                                                             ;50;2026-09-01;152975;Equatorial S.A.;Equatorial S.A.;2026-06-24 00:00:00;69500;45 kVA    ;45.0;TRI;15kV           ;2025-01-30;0;;13.800 / 13.200 / 12.600 V                                            ;220/127V                                                              ;3              ;MA;QUA;32;2026;8;EMP                                     ;Selado              ;5;3;13800V                                                                ;0;0;0;10;0;0;0;1;45.0;43;10;2026-08-25
8;2026-08-05;TPD-402969;TRANSFORMADOR 45kVA 15kV 3F 380/220V 13800V                                                                             ;22;2026-08-20;11418;Equatorial Goiás Distribuidora de Energia S/A.;EQTL - GO;2026-06-25 09:29:56;69549;45 kVA    ;45.0;TRI;15kV           ;2025-01-30;0;;13.800 / 13.200 / 12.600 V                                            ;380/220V                                                              ;3              ;GO;QUA;32;2026;8;EMP                                     ;Selado              ;5;3;13800V                                                                ;0;0;0;8;0;0;0;1;46.0;22;8;2026-08-25
4;2026-08-05;TPD-402970;TRANSFORMADOR 150kVA 15kV 3F 380/220V 13800V                                                                            ;29;2026-08-20;11418;Equatorial Goiás Distribuidora de Energia S/A.;EQTL - GO;2026-06-25 09:29:56;69549;150 kVA   ;150.0;TRI;15kV           ;2024-12-30;2;2025-01-24;13.800 / 13.200 / 12.600 V                                            ;380/220V                                                              ;3              ;GO;QUA;32;2026;8;EMP-LM                                  ;Selado              ;5;6;13800V                                                                ;0;0;0;0;4;0;0;1;50.0;29;4;2026-08-25
9;2026-08-05;TPD-436654;TRANSFORMADOR 112,5kVA 15V 3F 220/127V 13.800V                                                                          ;9;2026-10-14;11425;Equatorial Para Distribuidora de Energia S.A;EQTL - PA;2026-08-14 08:17:29;71340;112,5 kVA ;112.5;TRI;15kV           ;2026-07-21;0;;13.800 / 13.200 / 12.600 V                                            ;220/127V                                                              ;3              ;PA;QUA;32;2026;8;EMP-LM                                  ;Selado              ;5;6;13800V                                                                ;0;0;0;0;9;0;0;1;48.0;9;9;2026-08-25
5;2026-08-05;TPD-436654;TRANSFORMADOR 112,5kVA 15V 3F 220/127V 13.800V                                                                          ;50;2026-09-01;152975;Equatorial S.A.;Equatorial S.A.;2026-06-24 00:00:00;69500;112,5 kVA ;112.5;TRI;15kV           ;2026-07-21;0;;13.800 / 13.200 / 12.600 V                                            ;220/127V                                                              ;3              ;MA;QUA;32;2026;8;EMP-LM                                  ;Selado              ;5;6;13800V                                                                ;0;0;0;0;5;0;0;1;48.0;50;5;2026-08-25
26;2026-08-06;TPD-378293;TRANSFORMADOR 75kVA 15kV 3F 220/127V 13800V                                                                             ;150;2026-09-01;152975;Equatorial S.A.;Equatorial S.A.;2026-06-24 00:00:00;69500;75 kVA    ;75.0;TRI;15kV           ;2024-02-15;7;2024-09-06;13800/13200/12600 V                                                   ;220/127V                                                              ;3              ;MA;QUI;32;2026;8;EMP                                     ;Selado              ;6;3;13800V                                                                ;0;0;0;26;0;0;0;1;59.0;149;26;2026-08-25
2;2026-08-06;TPD-394238;TRANSFORMADOR 25kVA 36,2kV 1F 254/127V 19053V                                                                           ;20;2026-10-26;11429;Copel Distribuição S/A;Copel Dist;2026-06-26 09:29:26;69605;25 kVA    ;25.0;MON;36,2kV         ;2024-10-15;1;2025-07-04;19.053 V                                                              ;254/127V                                                              ;1              ;PR;QUI;32;2026;8;JC                                      ;Selado              ;6;2;19.053 V                                                              ;0;2;0;0;0;0;0;1;56.0;2;2;2026-08-25
4;2026-08-06;TPD-402915;TRANSFORMADOR 45kVA 15kV 3F 220/127V 13800V                                                                             ;50;2026-09-01;152975;Equatorial S.A.;Equatorial S.A.;2026-06-24 00:00:00;69500;45 kVA    ;45.0;TRI;15kV           ;2025-01-30;0;;13.800 / 13.200 / 12.600 V                                            ;220/127V                                                              ;3              ;MA;QUI;32;2026;8;EMP                                     ;Selado              ;6;3;13800V                                                                ;0;0;0;4;0;0;0;1;57.0;43;4;2026-08-25
14;2026-08-06;TPD-402969;TRANSFORMADOR 45kVA 15kV 3F 380/220V 13800V                                                                             ;22;2026-08-20;11418;Equatorial Goiás Distribuidora de Energia S/A.;EQTL - GO;2026-06-25 09:29:56;69549;45 kVA    ;45.0;TRI;15kV           ;2025-01-30;0;;13.800 / 13.200 / 12.600 V                                            ;380/220V                                                              ;3              ;GO;QUI;32;2026;8;EMP                                     ;Selado              ;6;3;13800V                                                                ;0;0;0;14;0;0;0;1;58.0;22;14;2026-08-25
4;2026-08-06;TPD-402970;TRANSFORMADOR 150kVA 15kV 3F 380/220V 13800V                                                                            ;29;2026-08-20;11418;Equatorial Goiás Distribuidora de Energia S/A.;EQTL - GO;2026-06-25 09:29:56;69549;150 kVA   ;150.0;TRI;15kV           ;2024-12-30;2;2025-01-24;13.800 / 13.200 / 12.600 V                                            ;380/220V                                                              ;3              ;GO;QUI;32;2026;8;EMP-LM                                  ;Selado              ;6;6;13800V                                                                ;0;0;0;0;4;0;0;1;61.0;29;4;2026-08-25
1;2026-08-06;TPD-416454;TRANSFORMADOR 75kVA 24,2kV 3F 380/220V 23100V                                                                           ;30;2026-08-31;1;TRAEL TRANSFORMADORES ELETRICOS LTDA;TRAEL- Matriz;2026-06-24 15:40:06;69530;75 kVA    ;75.0;TRI;24,2 kV        ;2025-08-13;0;;23.100 / 22.000 / 20.900 V                                            ;380/220V                                                              ;3              ;MT;QUI;32;2026;8;EMP                                     ;Selado              ;6;3;23100V                                                                ;0;0;0;1;0;0;0;1;60.0;30;1;2026-08-25
1;2026-08-06;TPD-424050;TRANSFORMADOR 15kVA 15kV 3F 220/127V 14400V                                                                             ;10;2026-08-31;1;TRAEL TRANSFORMADORES ELETRICOS LTDA;TRAEL- Matriz;2026-06-24 15:40:06;69530;15 kVA    ;15.0;TRI;15kV           ;2025-11-28;0;;14.400 / 13.800 / 13.200 / 12.600 V                                   ;220/127V                                                              ;4              ;MT;QUI;32;2026;8;JC                                      ;Selado              ;6;2;13800V                                                                ;0;1;0;0;0;0;0;1;53.0;6;1;2026-08-25
17;2026-08-06;TPD-436654;TRANSFORMADOR 112,5kVA 15V 3F 220/127V 13.800V                                                                          ;50;2026-09-01;152975;Equatorial S.A.;Equatorial S.A.;2026-06-24 00:00:00;69500;112,5 kVA ;112.5;TRI;15kV           ;2026-07-21;0;;13.800 / 13.200 / 12.600 V                                            ;220/127V                                                              ;3              ;MA;QUI;32;2026;8;EMP-LM                                  ;Selado              ;6;6;13800V                                                                ;0;0;0;0;17;0;0;1;62.0;50;17;2026-08-25
1;2026-08-07;TPD-378151;TRANSFORMADOR 15kVA 15kV 1F 220V 7967V                                                                                  ;76;2026-08-20;11418;Equatorial Goiás Distribuidora de Energia S/A.;EQTL - GO;2026-06-25 09:29:56;69549;15 kVA    ;15.0;MON;15kV           ;2024-04-06;2;2026-08-05;7.967 / 7.621 / 7.275 V                                               ;220V                                                                  ;3              ;GO;SEX;32;2026;8;JC                                      ;Selado              ;7;2;7967V                                                                 ;0;1;0;0;0;0;0;1;63.0;1;1;2026-08-25
27;2026-08-07;TPD-378293;TRANSFORMADOR 75kVA 15kV 3F 220/127V 13800V                                                                             ;150;2026-09-01;152975;Equatorial S.A.;Equatorial S.A.;2026-06-24 00:00:00;69500;75 kVA    ;75.0;TRI;15kV           ;2024-02-15;7;2024-09-06;13800/13200/12600 V                                                   ;220/127V                                                              ;3              ;MA;SEX;32;2026;8;EMP                                     ;Selado              ;7;3;13800V                                                                ;0;0;0;27;0;0;0;1;71.0;149;27;2026-08-25
1;2026-08-07;TPD-394233;TRANSFORMADOR 25kVA 15kV 2F 254/127V 13200V                                                                             ;30;2026-10-26;11429;Copel Distribuição S/A;Copel Dist;2026-06-26 09:03:45;69603;25 kVA    ;25.0;BIF;15kV           ;2024-10-01;0;;13.200 V                                                              ;254/127V                                                              ;1              ;PR;SEX;32;2026;8;JC                                      ;Selado              ;7;2;13200V                                                                ;0;1;0;0;0;0;0;1;68.0;1;1;2026-08-25
1;2026-08-07;TPD-394233;TRANSFORMADOR 25kVA 15kV 2F 254/127V 13200V                                                                             ;30;2026-10-26;11429;Copel Distribuição S/A;Copel Dist;2026-06-26 09:29:26;69605;25 kVA    ;25.0;BIF;15kV           ;2024-10-01;0;;13.200 V                                                              ;254/127V                                                              ;1              ;PR;SEX;32;2026;8;JC                                      ;Selado              ;7;2;13200V                                                                ;0;1;0;0;0;0;0;1;68.0;9;1;2026-08-25
2;2026-08-07;TPD-398625;TRANSFORMADOR 15kVA 15kV 1F 254/127V 8660V                                                                              ;112;2026-09-19;11415;Energisa Mato Grosso - Distribuidora de Energia S.A;EMT - Energisa MT;2026-06-26 00:00:00;69656;15 kVA    ;15.0;MON;15kV           ;2024-11-01;0;;8.660 / 8.314 / 7.967 / 7.621 / 7.275 V                               ;254/127V                                                              ;5              ;MT;SEX;32;2026;8;JC                                      ;Selado              ;7;2;7967V                                                                 ;0;2;0;0;0;0;0;1;65.0;2;2;2026-08-25
6;2026-08-07;TPD-402915;TRANSFORMADOR 45kVA 15kV 3F 220/127V 13800V                                                                             ;50;2026-09-01;152975;Equatorial S.A.;Equatorial S.A.;2026-06-24 00:00:00;69500;45 kVA    ;45.0;TRI;15kV           ;2025-01-30;0;;13.800 / 13.200 / 12.600 V                                            ;220/127V                                                              ;3              ;MA;SEX;32;2026;8;EMP                                     ;Selado              ;7;3;13800V                                                                ;0;0;0;6;0;0;0;1;69.0;43;6;2026-08-25
12;2026-08-07;TPD-402969;TRANSFORMADOR 45kVA 15kV 3F 380/220V 13800V                                                                             ;130;2026-09-01;152975;Equatorial S.A.;Equatorial S.A.;2026-06-24 00:00:00;69500;45 kVA    ;45.0;TRI;15kV           ;2025-01-30;0;;13.800 / 13.200 / 12.600 V                                            ;380/220V                                                              ;3              ;MA;SEX;32;2026;8;EMP                                     ;Selado              ;7;3;13800V                                                                ;0;0;0;12;0;0;0;1;70.0;130;12;2026-08-25
4;2026-08-07;TPD-402970;TRANSFORMADOR 150kVA 15kV 3F 380/220V 13800V                                                                            ;29;2026-08-20;11418;Equatorial Goiás Distribuidora de Energia S/A.;EQTL - GO;2026-06-25 09:29:56;69549;150 kVA   ;150.0;TRI;15kV           ;2024-12-30;2;2025-01-24;13.800 / 13.200 / 12.600 V                                            ;380/220V                                                              ;3              ;GO;SEX;32;2026;8;EMP-LM                                  ;Selado              ;7;6;13800V                                                                ;0;0;0;0;4;0;0;1;73.0;29;4;2026-08-25
17;2026-08-07;TPD-436654;TRANSFORMADOR 112,5kVA 15V 3F 220/127V 13.800V                                                                          ;50;2026-09-01;152975;Equatorial S.A.;Equatorial S.A.;2026-06-24 00:00:00;69500;112,5 kVA ;112.5;TRI;15kV           ;2026-07-21;0;;13.800 / 13.200 / 12.600 V                                            ;220/127V                                                              ;3              ;MA;SEX;32;2026;8;EMP-LM                                  ;Selado              ;7;6;13800V                                                                ;0;0;0;0;17;0;0;1;72.0;50;17;2026-08-25
6;2026-08-10;TPD-378155;TRANSFORMADOR 15kVA 15kV 1F 440/220V 7967V                                                                              ;50;2026-09-01;152975;Equatorial S.A.;Equatorial S.A.;2026-06-24 00:00:00;69500;15 kVA    ;15.0;MON;15kV           ;2024-04-06;0;;7967/7621/7275V                                                       ;440/220V                                                              ;3              ;MA;SEG;33;2026;8;ENR                                     ;Selado              ;10;1;7967V                                                                 ;0;0;0;0;0;6;0;1;79.0;42;6;2026-08-25
27;2026-08-10;TPD-378293;TRANSFORMADOR 75kVA 15kV 3F 220/127V 13800V                                                                             ;150;2026-09-01;152975;Equatorial S.A.;Equatorial S.A.;2026-06-24 00:00:00;69500;75 kVA    ;75.0;TRI;15kV           ;2024-02-15;7;2024-09-06;13800/13200/12600 V                                                   ;220/127V                                                              ;3              ;MA;SEG;33;2026;8;EMP                                     ;Selado              ;10;3;13800V                                                                ;0;0;0;27;0;0;0;1;86.0;149;27;2026-08-25
15;2026-08-10;TPD-387804;TRANSFORMADOR 112,5kVA 15kV 3F 380/220V 13800V                                                                          ;150;2026-09-01;152975;Equatorial S.A.;Equatorial S.A.;2026-06-24 00:00:00;69500;112,5 kVA ;112.5;TRI;15kV           ;2024-06-03;3;2025-10-10;13.800 / 13.200 / 12.600 V                                            ;380/220V                                                              ;3              ;MA;SEG;33;2026;8;EMP                                     ;Selado              ;10;3;13800V                                                                ;0;0;0;15;0;0;0;1;88.0;102;15;2026-08-25
8;2026-08-10;TPD-394233;TRANSFORMADOR 25kVA 15kV 2F 254/127V 13200V                                                                             ;30;2026-10-26;11429;Copel Distribuição S/A;Copel Dist;2026-06-26 09:29:26;69605;25 kVA    ;25.0;BIF;15kV           ;2024-10-01;0;;13.200 V                                                              ;254/127V                                                              ;1              ;PR;SEG;33;2026;8;JC                                      ;Selado              ;10;2;13200V                                                                ;0;8;0;0;0;0;0;1;83.0;9;8;2026-08-25
5;2026-08-10;TPD-398781;TRANSFORMADOR 15kVA 15kV 1F 230/115V 8660V                                                                              ;78;2026-09-19;120830;Energisa Sergipe - Distribuidora de Energia S.A;ESE - Energisa SE;2026-06-26 00:00:00;69650;15 kVA    ;15.0;MON;15kV           ;2024-11-01;2;2025-07-04;8.660 / 8.314 / 7.967 / 7.621 / 7.275 V                               ;230/115V                                                              ;5              ;SE;SEG;33;2026;8;JC                                      ;Selado              ;10;2;8660V                                                                 ;0;5;0;0;0;0;0;1;75.0;5;5;2026-08-25
10;2026-08-10;TPD-398795;TRANSFORMADOR 15kVA 36,2kV 1F 254/127V 21651V                                                                           ;50;2026-09-01;11479;Energisa Mato Grosso do Sul - Distribuidora de Energia S.A;EMS - Energisa MS;2026-05-21 10:01:14;68197;15 kVA    ;15.0;MON;36,2kV         ;2024-11-01;0;;21.651 / 20.785 / 19.919 / 19.053 / 18.187 V                          ;254/127V                                                              ;5              ;MS;SEG;33;2026;8;JC                                      ;Selado              ;10;2;19919V                                                                ;0;10;0;0;0;0;0;1;82.0;50;10;2026-08-25
1;2026-08-10;TPD-398891;TRANSFORMADOR 15kVA 15kV 1F 254/127V 8313V                                                                              ;11;2026-09-19;134271;Energisa Sul-Sudeste - Distribuidora de Energia S.A;ESS - Energisa MG;2026-06-26 00:00:00;69651;15 kVA    ;15.0;MON;15kV           ;2024-11-04;1;2025-07-24;8.313 / 7.967 / 7.621 / 7.274 / 6.928 / 6.582 / 6.235 V               ;254/127V                                                              ;7              ;MG;SEG;33;2026;8;JC                                      ;Selado              ;10;2;7967V                                                                 ;0;1;0;0;0;0;0;1;78.0;1;1;2026-08-25
7;2026-08-10;TPD-398910;TRANSFORMADOR 15kVA 15kV 1F 240/120V 8660V                                                                              ;20;2026-09-01;143091;Energisa Rondônia Distribuidora de Energia S.A;ERO - Energisa RO;2026-05-21 10:23:42;68202;15 kVA    ;15.0;MON;15kV           ;2024-11-04;0;;8660/8314/7967/7621/7275V                                             ;240/120V                                                              ;5              ;RO;SEG;33;2026;8;JC                                      ;Selado              ;10;2;7967V                                                                 ;0;7;0;0;0;0;0;1;77.0;7;7;2026-08-25
2;2026-08-10;TPD-399804;TRANSFORMADOR 50kVA 36,2kV 1F 254/127V 19053V                                                                           ;10;2026-10-26;11429;Copel Distribuição S/A;Copel Dist;2026-06-26 09:29:26;69605;50 kVA    ;50.0;MON;36,2kV         ;2024-12-05;0;;19.053 V                                                              ;254/127V                                                              ;1              ;PR;SEG;33;2026;8;JC                                      ;Selado              ;10;2;19.053 V                                                              ;0;2;0;0;0;0;0;1;85.0;8;2;2026-08-25
5;2026-08-10;TPD-399804;TRANSFORMADOR 50kVA 36,2kV 1F 254/127V 19053V                                                                           ;15;2026-10-26;11429;Copel Distribuição S/A;Copel Dist;2026-06-26 08:54:03;69600;50 kVA    ;50.0;MON;36,2kV         ;2024-12-05;0;;19.053 V                                                              ;254/127V                                                              ;1              ;PR;SEG;33;2026;8;JC                                      ;Selado              ;10;2;19.053 V                                                              ;0;5;0;0;0;0;0;1;85.0;5;5;2026-08-25
18;2026-08-10;TPD-402969;TRANSFORMADOR 45kVA 15kV 3F 380/220V 13800V                                                                             ;130;2026-09-01;152975;Equatorial S.A.;Equatorial S.A.;2026-06-24 00:00:00;69500;45 kVA    ;45.0;TRI;15kV           ;2025-01-30;0;;13.800 / 13.200 / 12.600 V                                            ;380/220V                                                              ;3              ;MA;SEG;33;2026;8;EMP                                     ;Selado              ;10;3;13800V                                                                ;0;0;0;18;0;0;0;1;84.0;130;18;2026-08-25
4;2026-08-10;TPD-402970;TRANSFORMADOR 150kVA 15kV 3F 380/220V 13800V                                                                            ;29;2026-08-20;11418;Equatorial Goiás Distribuidora de Energia S/A.;EQTL - GO;2026-06-25 09:29:56;69549;150 kVA   ;150.0;TRI;15kV           ;2024-12-30;2;2025-01-24;13.800 / 13.200 / 12.600 V                                            ;380/220V                                                              ;3              ;GO;SEG;33;2026;8;EMP-LM                                  ;Selado              ;10;6;13800V                                                                ;0;0;0;0;4;0;0;1;89.0;29;4;2026-08-25
2;2026-08-10;TPD-436654;TRANSFORMADOR 112,5kVA 15V 3F 220/127V 13.800V                                                                          ;50;2026-09-01;152975;Equatorial S.A.;Equatorial S.A.;2026-06-24 00:00:00;69500;112,5 kVA ;112.5;TRI;15kV           ;2026-07-21;0;;13.800 / 13.200 / 12.600 V                                            ;220/127V                                                              ;3              ;MA;SEG;33;2026;8;EMP-LM                                  ;Selado              ;10;6;13800V                                                                ;0;0;0;0;2;0;0;1;87.0;50;2;2026-08-25
1;2026-08-11;TPD-378151;TRANSFORMADOR 15kVA 15kV 1F 220V 7967V                                                                                  ;22;2026-10-17;128688;Equatorial Maranhao Distribuidora de Energia S.A.;EQTL - MA;2026-08-14 09:35:17;71351;15 kVA    ;15.0;MON;15kV           ;2024-04-06;2;2026-08-05;7.967 / 7.621 / 7.275 V                                               ;220V                                                                  ;3              ;MA;TER;33;2026;8;JC                                      ;Selado              ;11;2;7967V                                                                 ;0;1;0;0;0;0;0;1;90.0;1;1;2026-08-25
24;2026-08-11;TPD-378151;TRANSFORMADOR 15kVA 15kV 1F 220V 7967V                                                                                  ;100;2026-09-01;152975;Equatorial S.A.;Equatorial S.A.;2026-06-24 00:00:00;69500;15 kVA    ;15.0;MON;15kV           ;2024-04-06;2;2026-08-05;7.967 / 7.621 / 7.275 V                                               ;220V                                                                  ;3              ;MA;TER;33;2026;8;JC                                      ;Selado              ;11;2;7967V                                                                 ;0;24;0;0;0;0;0;1;90.0;79;24;2026-08-25
16;2026-08-11;TPD-378155;TRANSFORMADOR 15kVA 15kV 1F 440/220V 7967V                                                                              ;50;2026-09-01;152975;Equatorial S.A.;Equatorial S.A.;2026-06-24 00:00:00;69500;15 kVA    ;15.0;MON;15kV           ;2024-04-06;0;;7967/7621/7275V                                                       ;440/220V                                                              ;3              ;MA;TER;33;2026;8;ENR                                     ;Selado              ;11;1;7967V                                                                 ;0;0;0;0;0;16;0;1;91.0;42;16;2026-08-25
5;2026-08-11;TPD-378293;TRANSFORMADOR 75kVA 15kV 3F 220/127V 13800V                                                                             ;150;2026-09-01;152975;Equatorial S.A.;Equatorial S.A.;2026-06-24 00:00:00;69500;75 kVA    ;75.0;TRI;15kV           ;2024-02-15;7;2024-09-06;13800/13200/12600 V                                                   ;220/127V                                                              ;3              ;MA;TER;33;2026;8;EMP                                     ;Selado              ;11;3;13800V                                                                ;0;0;0;5;0;0;0;1;97.0;149;5;2026-08-25
1;2026-08-11;TPD-378294;TRANSFORMADOR 75kVA 15kV 3F 380/220V 13800V                                                                             ;1;2026-10-17;118526;Equatorial Piaui Distribuidora de Energia S.A.;EQTL - PI;2026-08-14 09:12:03;71348;75 kVA    ;75.0;TRI;15kV           ;2024-05-31;1;2025-05-21;13800/13200/12600 V                                                   ;380/220V                                                              ;3              ;PI;TER;33;2026;8;EMP                                     ;Selado              ;11;3;13800V                                                                ;0;0;0;1;0;0;0;1;98.0;1;1;2026-08-25
6;2026-08-11;TPD-378294;TRANSFORMADOR 75kVA 15kV 3F 380/220V 13800V                                                                             ;6;2026-10-17;128688;Equatorial Maranhao Distribuidora de Energia S.A.;EQTL - MA;2026-08-14 09:35:17;71351;75 kVA    ;75.0;TRI;15kV           ;2024-05-31;1;2025-05-21;13800/13200/12600 V                                                   ;380/220V                                                              ;3              ;MA;TER;33;2026;8;EMP                                     ;Selado              ;11;3;13800V                                                                ;0;0;0;6;0;0;0;1;98.0;6;6;2026-08-25
14;2026-08-11;TPD-378294;TRANSFORMADOR 75kVA 15kV 3F 380/220V 13800V                                                                             ;200;2026-09-01;152975;Equatorial S.A.;Equatorial S.A.;2026-06-24 00:00:00;69500;75 kVA    ;75.0;TRI;15kV           ;2024-05-31;1;2025-05-21;13800/13200/12600 V                                                   ;380/220V                                                              ;3              ;MA;TER;33;2026;8;EMP                                     ;Selado              ;11;3;13800V                                                                ;0;0;0;14;0;0;0;1;98.0;200;14;2026-08-25
15;2026-08-11;TPD-387804;TRANSFORMADOR 112,5kVA 15kV 3F 380/220V 13800V                                                                          ;150;2026-09-01;152975;Equatorial S.A.;Equatorial S.A.;2026-06-24 00:00:00;69500;112,5 kVA ;112.5;TRI;15kV           ;2024-06-03;3;2025-10-10;13.800 / 13.200 / 12.600 V                                            ;380/220V                                                              ;3              ;MA;TER;33;2026;8;EMP                                     ;Selado              ;11;3;13800V                                                                ;0;0;0;15;0;0;0;1;101.0;102;15;2026-08-25
22;2026-08-11;TPD-398795;TRANSFORMADOR 15kVA 36,2kV 1F 254/127V 21651V                                                                           ;50;2026-09-01;11479;Energisa Mato Grosso do Sul - Distribuidora de Energia S.A;EMS - Energisa MS;2026-05-21 10:01:14;68197;15 kVA    ;15.0;MON;36,2kV         ;2024-11-01;0;;21.651 / 20.785 / 19.919 / 19.053 / 18.187 V                          ;254/127V                                                              ;5              ;MS;TER;33;2026;8;JC                                      ;Selado              ;11;2;19919V                                                                ;0;22;0;0;0;0;0;1;93.0;50;22;2026-08-25
6;2026-08-11;TPD-399804;TRANSFORMADOR 50kVA 36,2kV 1F 254/127V 19053V                                                                           ;10;2026-10-26;11429;Copel Distribuição S/A;Copel Dist;2026-06-26 09:29:26;69605;50 kVA    ;50.0;MON;36,2kV         ;2024-12-05;0;;19.053 V                                                              ;254/127V                                                              ;1              ;PR;TER;33;2026;8;JC                                      ;Selado              ;11;2;19.053 V                                                              ;0;6;0;0;0;0;0;1;96.0;8;6;2026-08-25
10;2026-08-11;TPD-399804;TRANSFORMADOR 50kVA 36,2kV 1F 254/127V 19053V                                                                           ;10;2026-10-26;11429;Copel Distribuição S/A;Copel Dist;2026-06-26 09:37:54;69606;50 kVA    ;50.0;MON;36,2kV         ;2024-12-05;0;;19.053 V                                                              ;254/127V                                                              ;1              ;PR;TER;33;2026;8;JC                                      ;Selado              ;11;2;19.053 V                                                              ;0;10;0;0;0;0;0;1;96.0;10;10;2026-08-25
18;2026-08-11;TPD-402969;TRANSFORMADOR 45kVA 15kV 3F 380/220V 13800V                                                                             ;130;2026-09-01;152975;Equatorial S.A.;Equatorial S.A.;2026-06-24 00:00:00;69500;45 kVA    ;45.0;TRI;15kV           ;2025-01-30;0;;13.800 / 13.200 / 12.600 V                                            ;380/220V                                                              ;3              ;MA;TER;33;2026;8;EMP                                     ;Selado              ;11;3;13800V                                                                ;0;0;0;18;0;0;0;1;95.0;130;18;2026-08-25
1;2026-08-11;TPD-416454;TRANSFORMADOR 75kVA 24,2kV 3F 380/220V 23100V                                                                           ;30;2026-08-31;1;TRAEL TRANSFORMADORES ELETRICOS LTDA;TRAEL- Matriz;2026-06-24 15:40:06;69530;75 kVA    ;75.0;TRI;24,2 kV        ;2025-08-13;0;;23.100 / 22.000 / 20.900 V                                            ;380/220V                                                              ;3              ;MT;TER;33;2026;8;EMP                                     ;Selado              ;11;3;23100V                                                                ;0;0;0;1;0;0;0;1;99.0;30;1;2026-08-25
1;2026-08-11;TPD-424050;TRANSFORMADOR 15kVA 15kV 3F 220/127V 14400V                                                                             ;10;2026-08-31;1;TRAEL TRANSFORMADORES ELETRICOS LTDA;TRAEL- Matriz;2026-06-24 15:40:06;69530;15 kVA    ;15.0;TRI;15kV           ;2025-11-28;0;;14.400 / 13.800 / 13.200 / 12.600 V                                   ;220/127V                                                              ;4              ;MT;TER;33;2026;8;JC                                      ;Selado              ;11;2;13800V                                                                ;0;1;0;0;0;0;0;1;92.0;6;1;2026-08-25
2;2026-08-11;TPD-434527;TRANSFORMADOR 112,5kVA 15kV 3F 220/127V 14400V                                                                          ;40;2026-08-31;1;TRAEL TRANSFORMADORES ELETRICOS LTDA;TRAEL- Matriz;2026-06-24 15:40:06;69530;112,5 kVA ;112.5;TRI;15kV           ;2026-06-15;0;;14400/13800/13200/12600V                                              ;220/127V                                                              ;4              ;MT;TER;33;2026;8;EMP                                     ;Selado              ;11;3;13800V                                                                ;0;0;0;2;0;0;0;1;100.0;40;2;2026-08-25
4;2026-08-11;TPD-435046;TRANSFORMADOR 150kVA 15kV 3F 220/127V 14400V                                                                            ;5;2026-08-31;1;TRAEL TRANSFORMADORES ELETRICOS LTDA;TRAEL- Matriz;2026-06-24 15:40:06;69530;150 kVA   ;150.0;TRI;15kV           ;2026-06-17;0;;14400/13800/13200/12600V                                              ;220/127V                                                              ;4              ;MT;TER;33;2026;8;EMP                                     ;Selado              ;11;3;13800V                                                                ;0;0;0;4;0;0;0;1;102.0;5;4;2026-08-25
2;2026-08-12;TPD-378146;TRANSFORMADOR 10kVA 15kV 1F 440/220V 7967V                                                                              ;2;2026-10-17;11418;Equatorial Goiás Distribuidora de Energia S/A.;EQTL - GO;2026-08-14 09:18:25;71349;10 kVA    ;10.0;MON;15kV           ;2024-03-18;3;2026-08-04;7967/7621/7275V                                                       ;440/220V                                                              ;3              ;GO;QUA;33;2026;8;ENR                                     ;Selado              ;12;1;7967V                                                                 ;0;0;0;0;0;2;0;1;103.0;2;2;2026-08-25
48;2026-08-12;TPD-378146;TRANSFORMADOR 10kVA 15kV 1F 440/220V 7967V                                                                              ;50;2026-09-01;152975;Equatorial S.A.;Equatorial S.A.;2026-06-24 00:00:00;69500;10 kVA    ;10.0;MON;15kV           ;2024-03-18;3;2026-08-04;7967/7621/7275V                                                       ;440/220V                                                              ;3              ;MA;QUA;33;2026;8;ENR                                     ;Selado              ;12;1;7967V                                                                 ;0;0;0;0;0;48;0;1;103.0;50;48;2026-08-25
33;2026-08-12;TPD-378151;TRANSFORMADOR 15kVA 15kV 1F 220V 7967V                                                                                  ;100;2026-09-01;152975;Equatorial S.A.;Equatorial S.A.;2026-06-24 00:00:00;69500;15 kVA    ;15.0;MON;15kV           ;2024-04-06;2;2026-08-05;7.967 / 7.621 / 7.275 V                                               ;220V                                                                  ;3              ;MA;QUA;33;2026;8;JC                                      ;Selado              ;12;2;7967V                                                                 ;0;33;0;0;0;0;0;1;105.0;79;33;2026-08-25
27;2026-08-12;TPD-378294;TRANSFORMADOR 75kVA 15kV 3F 380/220V 13800V                                                                             ;200;2026-09-01;152975;Equatorial S.A.;Equatorial S.A.;2026-06-24 00:00:00;69500;75 kVA    ;75.0;TRI;15kV           ;2024-05-31;1;2025-05-21;13800/13200/12600 V                                                   ;380/220V                                                              ;3              ;MA;QUA;33;2026;8;EMP                                     ;Selado              ;12;3;13800V                                                                ;0;0;0;27;0;0;0;1;112.0;200;27;2026-08-25
4;2026-08-12;TPD-390832;TRANSFORMADOR 10kVA 24,2kV 1F 240/120V 13337V                                                                           ;11;2026-09-25;11419;Cemig Distribuição S/A;Cemig D;2026-06-26 00:00:00;69613;10 kVA    ;10.0;MON;24,2 kV        ;2025-01-06;0;;13.337 / 12.702 / 12.067 V                                            ;240/120V                                                              ;3              ;MG;QUA;33;2026;8;ENR                                     ;Selado              ;12;1;12702V                                                                ;0;0;0;0;0;4;0;1;104.0;11;4;2026-08-25
16;2026-08-12;TPD-398756;TRANSFORMADOR 25kVA 15kV 1F 230/115V 7275V                                                                              ;20;2026-09-01;120245;Energisa Minas Rio - Distribuidora de Energia S.A;EMR - Energisa MG;2026-05-21 10:19:17;68200;25 kVA    ;25.0;MON;15kV           ;2024-11-01;1;2025-08-06;7275/6928/6582/6235/5889V                                             ;230/115V                                                              ;5              ;MG;QUA;33;2026;8;JC                                      ;Selado              ;12;2;6582V                                                                 ;0;16;0;0;0;0;0;1;108.0;20;16;2026-08-25
18;2026-08-12;TPD-398795;TRANSFORMADOR 15kVA 36,2kV 1F 254/127V 21651V                                                                           ;50;2026-09-01;11479;Energisa Mato Grosso do Sul - Distribuidora de Energia S.A;EMS - Energisa MS;2026-05-21 10:01:14;68197;15 kVA    ;15.0;MON;36,2kV         ;2024-11-01;0;;21.651 / 20.785 / 19.919 / 19.053 / 18.187 V                          ;254/127V                                                              ;5              ;MS;QUA;33;2026;8;JC                                      ;Selado              ;12;2;19919V                                                                ;0;18;0;0;0;0;0;1;107.0;50;18;2026-08-25
10;2026-08-12;TPD-398878;TRANSFORMADOR 25kVA 36,2kV 1F 440/220V 21651V                                                                           ;10;2026-09-01;11426;Energisa Tocantins Distribuidora de Energia S.A.;ETO - Energisa TO;2026-05-21 10:10:09;68198;25 kVA    ;25.0;MON;36,2kV         ;2025-06-23;0;;21.651 / 20.785 / 19.919 / 19.053 / 18.187 V                          ;440/220V                                                              ;5              ;TO;QUA;33;2026;8;JC                                      ;Selado              ;12;2;21651V                                                                ;0;10;0;0;0;0;0;1;109.0;10;10;2026-08-25
18;2026-08-12;TPD-402969;TRANSFORMADOR 45kVA 15kV 3F 380/220V 13800V                                                                             ;130;2026-09-01;152975;Equatorial S.A.;Equatorial S.A.;2026-06-24 00:00:00;69500;45 kVA    ;45.0;TRI;15kV           ;2025-01-30;0;;13.800 / 13.200 / 12.600 V                                            ;380/220V                                                              ;3              ;MA;QUA;33;2026;8;EMP                                     ;Selado              ;12;3;13800V                                                                ;0;0;0;18;0;0;0;1;111.0;130;18;2026-08-25
4;2026-08-12;TPD-402970;TRANSFORMADOR 150kVA 15kV 3F 380/220V 13800V                                                                            ;29;2026-08-20;11418;Equatorial Goiás Distribuidora de Energia S/A.;EQTL - GO;2026-06-25 09:29:56;69549;150 kVA   ;150.0;TRI;15kV           ;2024-12-30;2;2025-01-24;13.800 / 13.200 / 12.600 V                                            ;380/220V                                                              ;3              ;GO;QUA;33;2026;8;EMP-LM                                  ;Selado              ;12;6;13800V                                                                ;0;0;0;0;4;0;0;1;114.0;29;4;2026-08-25
1;2026-08-12;TPD-424050;TRANSFORMADOR 15kVA 15kV 3F 220/127V 14400V                                                                             ;10;2026-08-31;1;TRAEL TRANSFORMADORES ELETRICOS LTDA;TRAEL- Matriz;2026-06-24 15:40:06;69530;15 kVA    ;15.0;TRI;15kV           ;2025-11-28;0;;14.400 / 13.800 / 13.200 / 12.600 V                                   ;220/127V                                                              ;4              ;MT;QUA;33;2026;8;JC                                      ;Selado              ;12;2;13800V                                                                ;0;1;0;0;0;0;0;1;106.0;6;1;2026-08-25
17;2026-08-12;TPD-434527;TRANSFORMADOR 112,5kVA 15kV 3F 220/127V 14400V                                                                          ;40;2026-08-31;1;TRAEL TRANSFORMADORES ELETRICOS LTDA;TRAEL- Matriz;2026-06-24 15:40:06;69530;112,5 kVA ;112.5;TRI;15kV           ;2026-06-15;0;;14400/13800/13200/12600V                                              ;220/127V                                                              ;4              ;MT;QUA;33;2026;8;EMP                                     ;Selado              ;12;3;13800V                                                                ;0;0;0;17;0;0;0;1;113.0;40;17;2026-08-25
60;2026-08-13;TPD-378141;TRANSFORMADOR 10kVA 15kV 2F 220V 13800V                                                                                 ;60;2026-09-01;152975;Equatorial S.A.;Equatorial S.A.;2026-06-24 00:00:00;69500;10 kVA    ;10.0;BIF;15kV           ;2024-03-04;3;2026-07-30;13.800 / 13.200 / 12.600 V                                            ;220V                                                                  ;3              ;MA;QUI;33;2026;8;ENR                                     ;Selado              ;13;1;13800V                                                                ;0;0;0;0;0;60;0;1;116.0;60;60;2026-08-25
4;2026-08-13;TPD-378144;TRANSFORMADOR 10kVA 15kV 1F 254/127V 7967V                                                                              ;4;2026-10-14;11425;Equatorial Para Distribuidora de Energia S.A;EQTL - PA;2026-08-14 08:17:29;71340;10 kVA    ;10.0;MON;15kV           ;2024-04-05;3;2026-07-31;7.967 / 7.621 / 7.275 V                                               ;254/127V                                                              ;3              ;PA;QUI;33;2026;8;JC                                      ;Selado              ;13;2;7967V                                                                 ;0;4;0;0;0;0;0;1;115.0;4;4;2026-08-25
6;2026-08-13;TPD-378144;TRANSFORMADOR 10kVA 15kV 1F 254/127V 7967V                                                                              ;10;2026-09-01;152975;Equatorial S.A.;Equatorial S.A.;2026-06-24 00:00:00;69500;10 kVA    ;10.0;MON;15kV           ;2024-04-05;3;2026-07-31;7.967 / 7.621 / 7.275 V                                               ;254/127V                                                              ;3              ;MA;QUI;33;2026;8;JC                                      ;Selado              ;13;2;7967V                                                                 ;0;6;0;0;0;0;0;1;115.0;10;6;2026-08-25
1;2026-08-13;TPD-378153;TRANSFORMADOR 15kVA 15kV 1F 254/127V 7967V                                                                              ;1;2026-10-14;11425;Equatorial Para Distribuidora de Energia S.A;EQTL - PA;2026-08-14 08:17:29;71340;15 kVA    ;15.0;MON;15kV           ;2024-06-07;1;2024-08-09;7.967 / 7.621 / 7.275 V                                               ;254/127V                                                              ;3              ;PA;QUI;33;2026;8;JC                                      ;Selado              ;13;2;7967V                                                                 ;0;1;0;0;0;0;0;1;118.0;1;1;2026-08-25
12;2026-08-13;TPD-378153;TRANSFORMADOR 15kVA 15kV 1F 254/127V 7967V                                                                              ;30;2026-09-01;152975;Equatorial S.A.;Equatorial S.A.;2026-06-24 00:00:00;69500;15 kVA    ;15.0;MON;15kV           ;2024-06-07;1;2024-08-09;7.967 / 7.621 / 7.275 V                                               ;254/127V                                                              ;3              ;MA;QUI;33;2026;8;JC                                      ;Selado              ;13;2;7967V                                                                 ;0;12;0;0;0;0;0;1;118.0;30;12;2026-08-25
27;2026-08-13;TPD-378294;TRANSFORMADOR 75kVA 15kV 3F 380/220V 13800V                                                                             ;200;2026-09-01;152975;Equatorial S.A.;Equatorial S.A.;2026-06-24 00:00:00;69500;75 kVA    ;75.0;TRI;15kV           ;2024-05-31;1;2025-05-21;13800/13200/12600 V                                                   ;380/220V                                                              ;3              ;MA;QUI;33;2026;8;EMP                                     ;Selado              ;13;3;13800V                                                                ;0;0;0;27;0;0;0;1;126.0;200;27;2026-08-25
7;2026-08-13;TPD-390832;TRANSFORMADOR 10kVA 24,2kV 1F 240/120V 13337V                                                                           ;11;2026-09-25;11419;Cemig Distribuição S/A;Cemig D;2026-06-26 00:00:00;69613;10 kVA    ;10.0;MON;24,2 kV        ;2025-01-06;0;;13.337 / 12.702 / 12.067 V                                            ;240/120V                                                              ;3              ;MG;QUI;33;2026;8;ENR                                     ;Selado              ;13;1;12702V                                                                ;0;0;0;0;0;7;0;1;117.0;11;7;2026-08-25
10;2026-08-13;TPD-392938;TRANSFORMADOR 37,5kVA 15kV 1F 240/120V 7967V                                                                            ;10;2026-08-31;1;TRAEL TRANSFORMADORES ELETRICOS LTDA;TRAEL- Matriz;2026-06-24 15:40:06;69530;37,5 kVA  ;37.5;MON;15kV           ;2024-08-06;0;;7.967 / 7.621 / 7.275 V                                               ;240/120V                                                              ;3              ;MT;QUI;33;2026;8;JC                                      ;Selado              ;13;2;7967V                                                                 ;0;10;0;0;0;0;0;1;124.0;10;10;2026-08-25
4;2026-08-13;TPD-398756;TRANSFORMADOR 25kVA 15kV 1F 230/115V 7275V                                                                              ;20;2026-09-01;120245;Energisa Minas Rio - Distribuidora de Energia S.A;EMR - Energisa MG;2026-05-21 10:19:17;68200;25 kVA    ;25.0;MON;15kV           ;2024-11-01;1;2025-08-06;7275/6928/6582/6235/5889V                                             ;230/115V                                                              ;5              ;MG;QUI;33;2026;8;JC                                      ;Selado              ;13;2;6582V                                                                 ;0;4;0;0;0;0;0;1;121.0;20;4;2026-08-25
12;2026-08-13;TPD-398787;TRANSFORMADOR 25kVA 15kV 1F 230V 8660V                                                                                  ;20;2026-09-01;11501;Energisa Paraiba - Distribuidora de Energia S/A;EPB - Energisa PB;2026-06-23 16:14:26;69485;25 kVA    ;25.0;MON;15kV           ;2025-06-17;0;;8660/8314/7967/7621/7275V                                             ;230V                                                                  ;5              ;PB;QUI;33;2026;8;JC                                      ;Selado              ;13;2;7967V                                                                 ;0;12;0;0;0;0;0;1;122.0;20;12;2026-08-25
15;2026-08-13;TPD-398795;TRANSFORMADOR 15kVA 36,2kV 1F 254/127V 21651V                                                                           ;100;2026-09-01;11415;Energisa Mato Grosso - Distribuidora de Energia S.A;EMT - Energisa MT;2026-05-21 09:50:44;68194;15 kVA    ;15.0;MON;36,2kV         ;2024-11-01;0;;21.651 / 20.785 / 19.919 / 19.053 / 18.187 V                          ;254/127V                                                              ;5              ;MT;QUI;33;2026;8;JC                                      ;Selado              ;13;2;19919V                                                                ;0;15;0;0;0;0;0;1;120.0;100;15;2026-08-25
18;2026-08-13;TPD-402969;TRANSFORMADOR 45kVA 15kV 3F 380/220V 13800V                                                                             ;130;2026-09-01;152975;Equatorial S.A.;Equatorial S.A.;2026-06-24 00:00:00;69500;45 kVA    ;45.0;TRI;15kV           ;2025-01-30;0;;13.800 / 13.200 / 12.600 V                                            ;380/220V                                                              ;3              ;MA;QUI;33;2026;8;EMP                                     ;Selado              ;13;3;13800V                                                                ;0;0;0;18;0;0;0;1;125.0;130;18;2026-08-25
1;2026-08-13;TPD-402970;TRANSFORMADOR 150kVA 15kV 3F 380/220V 13800V                                                                            ;29;2026-08-20;11418;Equatorial Goiás Distribuidora de Energia S/A.;EQTL - GO;2026-06-25 09:29:56;69549;150 kVA   ;150.0;TRI;15kV           ;2024-12-30;2;2025-01-24;13.800 / 13.200 / 12.600 V                                            ;380/220V                                                              ;3              ;GO;QUI;33;2026;8;EMP-LM                                  ;Selado              ;13;6;13800V                                                                ;0;0;0;0;1;0;0;1;130.0;29;1;2026-08-25
10;2026-08-13;TPD-420719;TRANSFORMADOR 25kVA 36,2kV 1F 254/127V 21651V                                                                           ;10;2026-08-31;1;TRAEL TRANSFORMADORES ELETRICOS LTDA;TRAEL- Matriz;2026-06-24 15:40:06;69530;25 kVA    ;25.0;MON;36,2kV         ;2025-10-23;0;;21.651 / 20.785 / 19.919 / 19.053 / 18.187 V                          ;254/127V                                                              ;5              ;MT;QUI;33;2026;8;JC                                      ;Selado              ;13;2;19919V                                                                ;0;10;0;0;0;0;0;1;123.0;10;10;2026-08-25
2;2026-08-13;TPD-420755;TRANSFORMADOR 150kVA 15kV 3F 220/127V 13200V                                                                            ;5;2026-08-31;1;TRAEL TRANSFORMADORES ELETRICOS LTDA;TRAEL- Matriz;2026-06-24 15:40:06;69530;150 kVA   ;150.0;TRI;15kV           ;2025-11-12;0;;13200V                                                                ;220/127V                                                              ;1              ;MT;QUI;33;2026;8;EMP                                     ;Selado              ;13;3;13200V                                                                ;0;0;0;2;0;0;0;1;128.0;5;2;2026-08-25
1;2026-08-13;TPD-424050;TRANSFORMADOR 15kVA 15kV 3F 220/127V 14400V                                                                             ;10;2026-08-31;1;TRAEL TRANSFORMADORES ELETRICOS LTDA;TRAEL- Matriz;2026-06-24 15:40:06;69530;15 kVA    ;15.0;TRI;15kV           ;2025-11-28;0;;14.400 / 13.800 / 13.200 / 12.600 V                                   ;220/127V                                                              ;4              ;MT;QUI;33;2026;8;JC                                      ;Selado              ;13;2;13800V                                                                ;0;1;0;0;0;0;0;1;119.0;6;1;2026-08-25
17;2026-08-13;TPD-434527;TRANSFORMADOR 112,5kVA 15kV 3F 220/127V 14400V                                                                          ;40;2026-08-31;1;TRAEL TRANSFORMADORES ELETRICOS LTDA;TRAEL- Matriz;2026-06-24 15:40:06;69530;112,5 kVA ;112.5;TRI;15kV           ;2026-06-15;0;;14400/13800/13200/12600V                                              ;220/127V                                                              ;4              ;MT;QUI;33;2026;8;EMP                                     ;Selado              ;13;3;13800V                                                                ;0;0;0;17;0;0;0;1;127.0;40;17;2026-08-25
1;2026-08-13;TPD-435046;TRANSFORMADOR 150kVA 15kV 3F 220/127V 14400V                                                                            ;5;2026-08-31;1;TRAEL TRANSFORMADORES ELETRICOS LTDA;TRAEL- Matriz;2026-06-24 15:40:06;69530;150 kVA   ;150.0;TRI;15kV           ;2026-06-17;0;;14400/13800/13200/12600V                                              ;220/127V                                                              ;4              ;MT;QUI;33;2026;8;EMP                                     ;Selado              ;13;3;13800V                                                                ;0;0;0;1;0;0;0;1;129.0;5;1;2026-08-25
66;2026-08-14;TPD-378142;TRANSFORMADOR 10kVA 15kV 1F 220V 7967V                                                                                  ;74;2026-09-01;152975;Equatorial S.A.;Equatorial S.A.;2026-06-24 00:00:00;69500;10 kVA    ;10.0;MON;15kV           ;2024-03-04;2;2024-09-02;7.967 / 7.621 / 7.275 V                                               ;220V                                                                  ;3              ;MA;SEX;33;2026;8;JC                                      ;Selado              ;14;2;7967V                                                                 ;0;66;0;0;0;0;0;1;0.0;74;66;2026-08-25
17;2026-08-14;TPD-378153;TRANSFORMADOR 15kVA 15kV 1F 254/127V 7967V                                                                              ;30;2026-09-01;152975;Equatorial S.A.;Equatorial S.A.;2026-06-24 00:00:00;69500;15 kVA    ;15.0;MON;15kV           ;2024-06-07;1;2024-08-09;7.967 / 7.621 / 7.275 V                                               ;254/127V                                                              ;3              ;MA;SEX;33;2026;8;JC                                      ;Selado              ;14;2;7967V                                                                 ;0;17;0;0;0;0;0;1;0.0;30;17;2026-08-25
8;2026-08-14;TPD-378267;TRANSFORMADOR 25kVA 36,2kV 1F 440/220V 19919V                                                                           ;20;2026-09-01;152975;Equatorial S.A.;Equatorial S.A.;2026-06-24 00:00:00;69500;25 kVA    ;25.0;MON;36,2kV         ;2026-02-19;0;;19919/19053/18187 V                                                   ;440/220V                                                              ;3              ;MA;SEX;33;2026;8;JC                                      ;Selado              ;14;2;19919V                                                                ;0;8;0;0;0;0;0;1;134.0;20;8;2026-08-25
27;2026-08-14;TPD-378294;TRANSFORMADOR 75kVA 15kV 3F 380/220V 13800V                                                                             ;200;2026-09-01;152975;Equatorial S.A.;Equatorial S.A.;2026-06-24 00:00:00;69500;75 kVA    ;75.0;TRI;15kV           ;2024-05-31;1;2025-05-21;13800/13200/12600 V                                                   ;380/220V                                                              ;3              ;MA;SEX;33;2026;8;EMP                                     ;Selado              ;14;3;13800V                                                                ;0;0;0;27;0;0;0;1;137.0;200;27;2026-08-25
1;2026-08-14;TPD-388239;TRANSFORMADOR 150kVA 15kV 3F 380/220V 13800V                                                                            ;10;2026-08-31;1;TRAEL TRANSFORMADORES ELETRICOS LTDA;TRAEL- Matriz;2026-06-24 15:40:06;69530;150 kVA   ;150.0;TRI;15kV           ;2024-08-15;0;;13.800 / 13.200 / 12.600 V                                            ;380/220V                                                              ;3              ;MT;SEX;33;2026;8;EMP                                     ;Selado              ;14;3;13800V                                                                ;0;0;0;1;0;0;0;1;141.0;10;1;2026-08-25
8;2026-08-14;TPD-398787;TRANSFORMADOR 25kVA 15kV 1F 230V 8660V                                                                                  ;20;2026-09-01;11501;Energisa Paraiba - Distribuidora de Energia S/A;EPB - Energisa PB;2026-06-23 16:14:26;69485;25 kVA    ;25.0;MON;15kV           ;2025-06-17;0;;8660/8314/7967/7621/7275V                                             ;230V                                                                  ;5              ;PB;SEX;33;2026;8;JC                                      ;Selado              ;14;2;7967V                                                                 ;0;8;0;0;0;0;0;1;133.0;20;8;2026-08-25
22;2026-08-14;TPD-398795;TRANSFORMADOR 15kVA 36,2kV 1F 254/127V 21651V                                                                           ;100;2026-09-01;11415;Energisa Mato Grosso - Distribuidora de Energia S.A;EMT - Energisa MT;2026-05-21 09:50:44;68194;15 kVA    ;15.0;MON;36,2kV         ;2024-11-01;0;;21.651 / 20.785 / 19.919 / 19.053 / 18.187 V                          ;254/127V                                                              ;5              ;MT;SEX;33;2026;8;JC                                      ;Selado              ;14;2;19919V                                                                ;0;22;0;0;0;0;0;1;132.0;100;22;2026-08-25
18;2026-08-14;TPD-402969;TRANSFORMADOR 45kVA 15kV 3F 380/220V 13800V                                                                             ;130;2026-09-01;152975;Equatorial S.A.;Equatorial S.A.;2026-06-24 00:00:00;69500;45 kVA    ;45.0;TRI;15kV           ;2025-01-30;0;;13.800 / 13.200 / 12.600 V                                            ;380/220V                                                              ;3              ;MA;SEX;33;2026;8;EMP                                     ;Selado              ;14;3;13800V                                                                ;0;0;0;18;0;0;0;1;136.0;130;18;2026-08-25
3;2026-08-14;TPD-420755;TRANSFORMADOR 150kVA 15kV 3F 220/127V 13200V                                                                            ;5;2026-08-31;1;TRAEL TRANSFORMADORES ELETRICOS LTDA;TRAEL- Matriz;2026-06-24 15:40:06;69530;150 kVA   ;150.0;TRI;15kV           ;2025-11-12;0;;13200V                                                                ;220/127V                                                              ;1              ;MT;SEX;33;2026;8;EMP                                     ;Selado              ;14;3;13200V                                                                ;0;0;0;3;0;0;0;1;140.0;5;3;2026-08-25
1;2026-08-14;TPD-424050;TRANSFORMADOR 15kVA 15kV 3F 220/127V 14400V                                                                             ;10;2026-08-31;1;TRAEL TRANSFORMADORES ELETRICOS LTDA;TRAEL- Matriz;2026-06-24 15:40:06;69530;15 kVA    ;15.0;TRI;15kV           ;2025-11-28;0;;14.400 / 13.800 / 13.200 / 12.600 V                                   ;220/127V                                                              ;4              ;MT;SEX;33;2026;8;JC                                      ;Selado              ;14;2;13800V                                                                ;0;1;0;0;0;0;0;1;131.0;6;1;2026-08-25
4;2026-08-14;TPD-430093;TRANSFORMADOR 37,5kVA 36,2kV 1F 440/220V 19919V                                                                         ;20;2026-09-01;152975;Equatorial S.A.;Equatorial S.A.;2026-06-24 00:00:00;69500;37,5 kVA  ;37.5;MON;36,2kV         ;2026-04-29;0;;19919/19053/18187 V                                                   ;440/220V                                                              ;3              ;MA;SEX;33;2026;8;JC                                      ;Selado              ;14;2;19919V                                                                ;0;4;0;0;0;0;0;1;135.0;20;4;2026-08-25
16;2026-08-14;TPD-430093;TRANSFORMADOR 37,5kVA 36,2kV 1F 440/220V 19919V                                                                         ;36;2026-10-17;11418;Equatorial Goiás Distribuidora de Energia S/A.;EQTL - GO;2026-08-14 09:18:25;71349;37,5 kVA  ;37.5;MON;36,2kV         ;2026-04-29;0;;19919/19053/18187 V                                                   ;440/220V                                                              ;3              ;GO;SEX;33;2026;8;JC                                      ;Selado              ;14;2;19919V                                                                ;0;16;0;0;0;0;0;1;135.0;16;16;2026-08-25
4;2026-08-14;TPD-434527;TRANSFORMADOR 112,5kVA 15kV 3F 220/127V 14400V                                                                          ;40;2026-08-31;1;TRAEL TRANSFORMADORES ELETRICOS LTDA;TRAEL- Matriz;2026-06-24 15:40:06;69530;112,5 kVA ;112.5;TRI;15kV           ;2026-06-15;0;;14400/13800/13200/12600V                                              ;220/127V                                                              ;4              ;MT;SEX;33;2026;8;EMP                                     ;Selado              ;14;3;13800V                                                                ;0;0;0;4;0;0;0;1;138.0;40;4;2026-08-25
13;2026-08-14;TPD-437671;TRANSFORMADOR 112,5kVA 15kV 3F 220/127V 14400V                                                                          ;20;2026-08-31;1;TRAEL TRANSFORMADORES ELETRICOS LTDA;TRAEL- Matriz;2026-06-24 15:40:06;69530;112,5 kVA ;112.5;TRI;15kV           ;2026-07-20;1;2026-07-21;14.400 / 13.800 / 13.200 / 12.600 V                                   ;220/127V                                                              ;4              ;MT;SEX;33;2026;8;EMP                                     ;Selado              ;14;3;13800V                                                                ;0;0;0;13;0;0;0;1;139.0;20;13;2026-08-25
1;2026-08-14;TPD-438076;TRANSFORMADOR 75kVA 15kV 3F 380/220V 13800V                                                                             ;1;2026-09-01;11417;Celesc Distribuição S/A;Celesc Distribuição;2026-07-21 09:53:12;70371;75 kVA    ;75.0;TRI;15kV           ;2026-07-24;0;;13.800 / 13.200 / 12.600 V                                            ;380/220V                                                              ;3              ;SC;SEX;33;2026;8;EMP                                     ;Selado              ;14;3;13800V                                                                ;0;0;0;1;0;0;0;1;313.0;1;1;2026-08-25
1;2026-08-14;TPD-438079;TRANSFORMADOR 45kVA 15kV 3F 380/220V 13800V                                                                             ;1;2026-09-01;11417;Celesc Distribuição S/A;Celesc Distribuição;2026-07-21 09:53:12;70371;45 kVA    ;45.0;TRI;15kV           ;2026-07-22;0;;13.800 / 13.200 / 12.600 V                                            ;380/220V                                                              ;3              ;SC;SEX;33;2026;8;EMP                                     ;Selado              ;14;3;13800V                                                                ;0;0;0;1;0;0;0;1;316.0;1;1;2026-08-25
1;2026-08-14;TPD-438097;TRANSFORMADOR 15kVA 24,2kV 1F 440/220V 13337V                                                                           ;1;2026-09-01;11417;Celesc Distribuição S/A;Celesc Distribuição;2026-07-21 09:53:12;70371;15 kVA    ;15.0;MON;24,2 kV        ;2026-07-30;0;;13.337 / 12.702 / 12.067 V                                            ;440/220V                                                              ;3              ;SC;SEX;33;2026;8;JC                                      ;Selado              ;14;2;13337V                                                                ;0;1;0;0;0;0;0;1;309.0;1;1;2026-08-25
1;2026-08-14;TPD-438098;TRANSFORMADOR 25kVA 24,2kV 1F 440/220V 13337V                                                                           ;1;2026-09-01;11417;Celesc Distribuição S/A;Celesc Distribuição;2026-07-21 09:53:12;70371;25 kVA    ;25.0;MON;24,2 kV        ;2026-07-27;0;;13.337 / 12.702 / 12.067 V                                            ;440/220V                                                              ;3              ;SC;SEX;33;2026;8;ENR                                     ;Selado              ;14;1;13337V                                                                ;0;0;0;0;0;1;0;1;310.0;1;1;2026-08-25
1;2026-08-14;TPD-438099;TRANSFORMADOR 37,5kVA 24,2kV 1F 440/220V 13337V                                                                         ;1;2026-09-01;11417;Celesc Distribuição S/A;Celesc Distribuição;2026-07-21 09:53:12;70371;37,5 kVA  ;37.5;MON;24,2 kV        ;2026-07-28;0;;13.337 / 12.702 / 12.067 V                                            ;440/220V                                                              ;3              ;SC;SEX;33;2026;8;ENR                                     ;Selado              ;14;1;13337V                                                                ;0;0;0;0;0;1;0;1;311.0;1;1;2026-08-25
1;2026-08-14;TPD-438100;TRANSFORMADOR 50kVA 24,2kV 1F 440/220V 13337V                                                                           ;1;2026-09-01;11417;Celesc Distribuição S/A;Celesc Distribuição;2026-07-21 09:53:12;70371;50 kVA    ;50.0;MON;24,2 kV        ;2026-07-30;0;;13.337 / 12.702 / 12.067 V                                            ;440/220V                                                              ;3              ;SC;SEX;33;2026;8;EMP                                     ;Selado              ;14;3;13337V                                                                ;0;0;0;1;0;0;0;1;312.0;1;1;2026-08-25
8;2026-08-17;TPD-378142;TRANSFORMADOR 10kVA 15kV 1F 220V 7967V                                                                                  ;74;2026-09-01;152975;Equatorial S.A.;Equatorial S.A.;2026-06-24 00:00:00;69500;10 kVA    ;10.0;MON;15kV           ;2024-03-04;2;2024-09-02;7.967 / 7.621 / 7.275 V                                               ;220V                                                                  ;3              ;MA;SEG;34;2026;8;JC                                      ;Selado              ;17;2;7967V                                                                 ;0;8;0;0;0;0;0;1;142.0;74;8;2026-08-25
20;2026-08-17;TPD-378155;TRANSFORMADOR 15kVA 15kV 1F 440/220V 7967V                                                                              ;50;2026-09-01;152975;Equatorial S.A.;Equatorial S.A.;2026-06-24 00:00:00;69500;15 kVA    ;15.0;MON;15kV           ;2024-04-06;0;;7967/7621/7275V                                                       ;440/220V                                                              ;3              ;MA;SEG;34;2026;8;ENR                                     ;Selado              ;17;1;7967V                                                                 ;0;0;0;0;0;20;0;1;145.0;42;20;2026-08-25
2;2026-08-17;TPD-378161;TRANSFORMADOR 25kVA 15kV 1F 254/127V 7967V                                                                              ;2;2026-10-14;11425;Equatorial Para Distribuidora de Energia S.A;EQTL - PA;2026-08-14 08:17:29;71340;25 kVA    ;25.0;MON;15kV           ;2024-01-30;4;2024-08-05;7967/7621/7275V                                                       ;254/127V                                                              ;3              ;PA;SEG;34;2026;8;JC                                      ;Selado              ;17;2;7967V                                                                 ;0;2;0;0;0;0;0;1;149.0;2;2;2026-08-25
13;2026-08-17;TPD-378161;TRANSFORMADOR 25kVA 15kV 1F 254/127V 7967V                                                                              ;15;2026-09-01;152975;Equatorial S.A.;Equatorial S.A.;2026-06-24 00:00:00;69500;25 kVA    ;25.0;MON;15kV           ;2024-01-30;4;2024-08-05;7967/7621/7275V                                                       ;254/127V                                                              ;3              ;MA;SEG;34;2026;8;JC                                      ;Selado              ;17;2;7967V                                                                 ;0;13;0;0;0;0;0;1;149.0;15;13;2026-08-25
12;2026-08-17;TPD-378267;TRANSFORMADOR 25kVA 36,2kV 1F 440/220V 19919V                                                                           ;20;2026-09-01;152975;Equatorial S.A.;Equatorial S.A.;2026-06-24 00:00:00;69500;25 kVA    ;25.0;MON;36,2kV         ;2026-02-19;0;;19919/19053/18187 V                                                   ;440/220V                                                              ;3              ;MA;SEG;34;2026;8;JC                                      ;Selado              ;17;2;19919V                                                                ;0;12;0;0;0;0;0;1;151.0;20;12;2026-08-25
27;2026-08-17;TPD-378294;TRANSFORMADOR 75kVA 15kV 3F 380/220V 13800V                                                                             ;200;2026-09-01;152975;Equatorial S.A.;Equatorial S.A.;2026-06-24 00:00:00;69500;75 kVA    ;75.0;TRI;15kV           ;2024-05-31;1;2025-05-21;13800/13200/12600 V                                                   ;380/220V                                                              ;3              ;MA;SEG;34;2026;8;EMP                                     ;Selado              ;17;3;13800V                                                                ;0;0;0;27;0;0;0;1;153.0;200;27;2026-08-25
8;2026-08-17;TPD-380492;TRANSFORMADOR 25kVA 36,2kV 1F 254/127V 19919V                                                                           ;8;2026-10-14;11425;Equatorial Para Distribuidora de Energia S.A;EQTL - PA;2026-08-14 08:17:29;71340;25 kVA    ;25.0;MON;36,2kV         ;2024-03-12;0;;19919/19053/18187 V                                                   ;254/127V                                                              ;3              ;PA;SEG;34;2026;8;JC                                      ;Selado              ;17;2;19919V                                                                ;0;8;0;0;0;0;0;1;150.0;8;8;2026-08-25
1;2026-08-17;TPD-380492;TRANSFORMADOR 25kVA 36,2kV 1F 254/127V 19919V                                                                           ;10;2026-09-01;152975;Equatorial S.A.;Equatorial S.A.;2026-06-24 00:00:00;69500;25 kVA    ;25.0;MON;36,2kV         ;2024-03-12;0;;19919/19053/18187 V                                                   ;254/127V                                                              ;3              ;MA;SEG;34;2026;8;JC                                      ;Selado              ;17;2;19919V                                                                ;0;1;0;0;0;0;0;1;150.0;10;1;2026-08-25
10;2026-08-17;TPD-386794;TRANSFORMADOR 112,5kVA 15kV 3F 220/127V 13800V                                                                          ;15;2026-08-31;1;TRAEL TRANSFORMADORES ELETRICOS LTDA;TRAEL- Matriz;2026-06-24 15:40:06;69530;112,5 kVA ;112.5;TRI;15kV           ;2024-06-20;2;2025-07-03;13.800 / 13.200 / 12.600 V                                            ;220/127V                                                              ;3              ;MT;SEG;34;2026;8;EMP                                     ;Selado              ;17;3;13800V                                                                ;0;0;0;10;0;0;0;1;154.0;15;10;2026-08-25
4;2026-08-17;TPD-388239;TRANSFORMADOR 150kVA 15kV 3F 380/220V 13800V                                                                            ;10;2026-08-31;1;TRAEL TRANSFORMADORES ELETRICOS LTDA;TRAEL- Matriz;2026-06-24 15:40:06;69530;150 kVA   ;150.0;TRI;15kV           ;2024-08-15;0;;13.800 / 13.200 / 12.600 V                                            ;380/220V                                                              ;3              ;MT;SEG;34;2026;8;EMP                                     ;Selado              ;17;3;13800V                                                                ;0;0;0;4;0;0;0;1;156.0;10;4;2026-08-25
23;2026-08-17;TPD-398795;TRANSFORMADOR 15kVA 36,2kV 1F 254/127V 21651V                                                                           ;100;2026-09-01;11415;Energisa Mato Grosso - Distribuidora de Energia S.A;EMT - Energisa MT;2026-05-21 09:50:44;68194;15 kVA    ;15.0;MON;36,2kV         ;2024-11-01;0;;21.651 / 20.785 / 19.919 / 19.053 / 18.187 V                          ;254/127V                                                              ;5              ;MT;SEG;34;2026;8;JC                                      ;Selado              ;17;2;19919V                                                                ;0;23;0;0;0;0;0;1;148.0;100;23;2026-08-25
18;2026-08-17;TPD-402969;TRANSFORMADOR 45kVA 15kV 3F 380/220V 13800V                                                                             ;130;2026-09-01;152975;Equatorial S.A.;Equatorial S.A.;2026-06-24 00:00:00;69500;45 kVA    ;45.0;TRI;15kV           ;2025-01-30;0;;13.800 / 13.200 / 12.600 V                                            ;380/220V                                                              ;3              ;MA;SEG;34;2026;8;EMP                                     ;Selado              ;17;3;13800V                                                                ;0;0;0;18;0;0;0;1;152.0;130;18;2026-08-25
50;2026-08-17;TPD-413439;TRANSFORMADOR 15kVA 15kV 2F 220V 13800V                                                                                 ;50;2026-09-09;13322;Companhia Energética do Rio Grande do Norte Cosern;Cosern;2026-06-16 08:18:03;69243;15 kVA    ;15.0;BIF;15kV           ;2025-12-01;0;;13.800 / 13.200 / 12.600 / 12.000 / 11.400 V                          ;220V                                                                  ;5              ;RN;SEG;34;2026;8;JC                                      ;Selado              ;17;2;13800V                                                                ;0;50;0;0;0;0;0;1;146.0;50;50;2026-08-25
1;2026-08-17;TPD-415093;TRANSFORMADOR 10kVA 15kV 2F 254/127V 13200V                                                                             ;5;2026-09-20;146343;LUNERGI INSTALACOES ELETRICAS LTDA;LUNERGI INSTALACOES ELETRICAS LTDA;2026-06-30 07:49:00;69694;10 kVA    ;10.0;BIF;15kV           ;2025-09-18;0;;13.200 V                                                              ;254/127V                                                              ;1              ;PR;SEG;34;2026;8;JC                                      ;Selado              ;17;2;13200V                                                                ;0;1;0;0;0;0;0;1;144.0;5;1;2026-08-25
1;2026-08-17;TPD-424050;TRANSFORMADOR 15kVA 15kV 3F 220/127V 14400V                                                                             ;10;2026-08-31;1;TRAEL TRANSFORMADORES ELETRICOS LTDA;TRAEL- Matriz;2026-06-24 15:40:06;69530;15 kVA    ;15.0;TRI;15kV           ;2025-11-28;0;;14.400 / 13.800 / 13.200 / 12.600 V                                   ;220/127V                                                              ;4              ;MT;SEG;34;2026;8;JC                                      ;Selado              ;17;2;13800V                                                                ;0;1;0;0;0;0;0;1;147.0;6;1;2026-08-25
7;2026-08-17;TPD-437671;TRANSFORMADOR 112,5kVA 15kV 3F 220/127V 14400V                                                                          ;20;2026-08-31;1;TRAEL TRANSFORMADORES ELETRICOS LTDA;TRAEL- Matriz;2026-06-24 15:40:06;69530;112,5 kVA ;112.5;TRI;15kV           ;2026-07-20;1;2026-07-21;14.400 / 13.800 / 13.200 / 12.600 V                                   ;220/127V                                                              ;4              ;MT;SEG;34;2026;8;EMP                                     ;Selado              ;17;3;13800V                                                                ;0;0;0;7;0;0;0;1;155.0;20;7;2026-08-25
2;2026-08-17;TPD-437720;TRANSFORMADOR 15kVA 15kV 1F 230/115V  7275V                                                                             ;2;2026-08-21;148013;PADRAO ELETRIFICACOES LTDA;PADRAO ELETRIFICACOES;2026-06-23 17:58:06;69491;15 kVA    ;15.0;MON;15kV           ;2026-07-21;0;;7.275 / 6.928 / 6.582 / 6.235 / 5.889 V                               ;230/115V                                                              ;5              ;MG;SEG;34;2026;8;ENR                                     ;Selado              ;17;1;6582V                                                                 ;0;0;0;0;0;2;0;1;302.0;2;2;2026-08-25
27;2026-08-18;TPD-378294;TRANSFORMADOR 75kVA 15kV 3F 380/220V 13800V                                                                             ;200;2026-09-01;152975;Equatorial S.A.;Equatorial S.A.;2026-06-24 00:00:00;69500;75 kVA    ;75.0;TRI;15kV           ;2024-05-31;1;2025-05-21;13800/13200/12600 V                                                   ;380/220V                                                              ;3              ;MA;TER;34;2026;8;EMP                                     ;Selado              ;18;3;13800V                                                                ;0;0;0;27;0;0;0;1;169.0;200;27;2026-08-25
5;2026-08-18;TPD-379867;TRANSFORMADOR 15kVA 15kV 2F 254/127V 13200V                                                                             ;5;2026-09-20;146343;LUNERGI INSTALACOES ELETRICAS LTDA;LUNERGI INSTALACOES ELETRICAS LTDA;2026-06-30 07:49:00;69694;15 kVA    ;15.0;BIF;15kV           ;2024-03-12;3;2024-08-05;13200                                                                 ;254/127V                                                              ;1              ;PR;TER;34;2026;8;ENR                                     ;Selado              ;18;1;13200V                                                                ;0;0;0;0;0;5;0;1;162.0;5;5;2026-08-25
1;2026-08-18;TPD-380492;TRANSFORMADOR 25kVA 36,2kV 1F 254/127V 19919V                                                                           ;10;2026-09-01;152975;Equatorial S.A.;Equatorial S.A.;2026-06-24 00:00:00;69500;25 kVA    ;25.0;MON;36,2kV         ;2024-03-12;0;;19919/19053/18187 V                                                   ;254/127V                                                              ;3              ;MA;TER;34;2026;8;JC                                      ;Selado              ;18;2;19919V                                                                ;0;1;0;0;0;0;0;1;164.0;10;1;2026-08-25
5;2026-08-18;TPD-386794;TRANSFORMADOR 112,5kVA 15kV 3F 220/127V 13800V                                                                          ;15;2026-08-31;1;TRAEL TRANSFORMADORES ELETRICOS LTDA;TRAEL- Matriz;2026-06-24 15:40:06;69530;112,5 kVA ;112.5;TRI;15kV           ;2024-06-20;2;2025-07-03;13.800 / 13.200 / 12.600 V                                            ;220/127V                                                              ;3              ;MT;TER;34;2026;8;EMP                                     ;Selado              ;18;3;13800V                                                                ;0;0;0;5;0;0;0;1;170.0;15;5;2026-08-25
3;2026-08-18;TPD-388239;TRANSFORMADOR 150kVA 15kV 3F 380/220V 13800V                                                                            ;10;2026-08-31;1;TRAEL TRANSFORMADORES ELETRICOS LTDA;TRAEL- Matriz;2026-06-24 15:40:06;69530;150 kVA   ;150.0;TRI;15kV           ;2024-08-15;0;;13.800 / 13.200 / 12.600 V                                            ;380/220V                                                              ;3              ;MT;TER;34;2026;8;EMP                                     ;Selado              ;18;3;13800V                                                                ;0;0;0;3;0;0;0;1;172.0;10;3;2026-08-25
18;2026-08-18;TPD-398795;TRANSFORMADOR 15kVA 36,2kV 1F 254/127V 21651V                                                                           ;100;2026-09-01;11415;Energisa Mato Grosso - Distribuidora de Energia S.A;EMT - Energisa MT;2026-05-21 09:50:44;68194;15 kVA    ;15.0;MON;36,2kV         ;2024-11-01;0;;21.651 / 20.785 / 19.919 / 19.053 / 18.187 V                          ;254/127V                                                              ;5              ;MT;TER;34;2026;8;JC                                      ;Selado              ;18;2;19919V                                                                ;0;18;0;0;0;0;0;1;163.0;100;18;2026-08-25
5;2026-08-18;TPD-398911;TRANSFORMADOR 10kVA 36,2kV 1F 240/120V 21651V                                                                           ;10;2026-09-01;11450;Energisa Acre Distribuidora de Energia S.A;EAC -  Energisa AC;2026-05-21 09:58:41;68195;10 kVA    ;10.0;MON;36,2kV         ;2025-06-14;0;;21.651 / 20.785 / 19.919 / 19.053 / 18.187 V                          ;240/120V                                                              ;5              ;AC;TER;34;2026;8;JC                                      ;Selado              ;18;2;19919V                                                                ;0;5;0;0;0;0;0;1;160.0;10;5;2026-08-25
10;2026-08-18;TPD-402969;TRANSFORMADOR 45kVA 15kV 3F 380/220V 13800V                                                                             ;130;2026-09-01;152975;Equatorial S.A.;Equatorial S.A.;2026-06-24 00:00:00;69500;45 kVA    ;45.0;TRI;15kV           ;2025-01-30;0;;13.800 / 13.200 / 12.600 V                                            ;380/220V                                                              ;3              ;MA;TER;34;2026;8;EMP                                     ;Selado              ;18;3;13800V                                                                ;0;0;0;10;0;0;0;1;168.0;130;10;2026-08-25
10;2026-08-18;TPD-410181;TRANSFORMADOR 37,5kVA 15kV 1F 220V 7967V                                                                                ;45;2026-09-01;152975;Equatorial S.A.;Equatorial S.A.;2026-06-24 00:00:00;69500;37,5 kVA  ;37.5;MON;15kV           ;2025-05-21;0;;7.967 / 7.621 / 7.275 V                                               ;220V                                                                  ;3              ;MA;TER;34;2026;8;JC                                      ;Selado              ;18;2;7967V                                                                 ;0;10;0;0;0;0;0;1;317.0;45;10;2026-08-25
4;2026-08-18;TPD-415093;TRANSFORMADOR 10kVA 15kV 2F 254/127V 13200V                                                                             ;5;2026-09-20;146343;LUNERGI INSTALACOES ELETRICAS LTDA;LUNERGI INSTALACOES ELETRICAS LTDA;2026-06-30 07:49:00;69694;10 kVA    ;10.0;BIF;15kV           ;2025-09-18;0;;13.200 V                                                              ;254/127V                                                              ;1              ;PR;TER;34;2026;8;JC                                      ;Selado              ;18;2;13200V                                                                ;0;4;0;0;0;0;0;1;159.0;5;4;2026-08-25
10;2026-08-18;TPD-420691;TRANSFORMADOR 10kVA 15kV 1F 254/127V 8660V                                                                              ;10;2026-08-31;1;TRAEL TRANSFORMADORES ELETRICOS LTDA;TRAEL- Matriz;2026-06-24 15:40:06;69530;10 kVA    ;10.0;MON;15kV           ;2025-10-28;0;;8.660 / 8.314 / 7.967 / 7.621 / 7.275 V                               ;254/127V                                                              ;5              ;MT;TER;34;2026;8;JC                                      ;Selado              ;18;2;7967V                                                                 ;0;10;0;0;0;0;0;1;157.0;10;10;2026-08-25
10;2026-08-18;TPD-420704;TRANSFORMADOR 15kVA 15kV 1F 254/127V 8660V                                                                              ;10;2026-08-31;1;TRAEL TRANSFORMADORES ELETRICOS LTDA;TRAEL- Matriz;2026-06-24 15:40:06;69530;15 kVA    ;15.0;MON;15kV           ;2025-10-29;0;;8.660 / 8.314 / 7.967 / 7.621 / 7.275 V                               ;254/127V                                                              ;5              ;MT;TER;34;2026;8;JC                                      ;Selado              ;18;2;7967V                                                                 ;0;10;0;0;0;0;0;1;161.0;10;10;2026-08-25
12;2026-08-18;TPD-423496;TRANSFORMADOR 112,5kVA 15kV 3F 380/220V 13800V                                                                          ;30;2026-08-31;1;TRAEL TRANSFORMADORES ELETRICOS LTDA;TRAEL- Matriz;2026-06-24 15:40:06;69530;112,5 kVA ;112.5;TRI;15kV           ;2025-11-06;0;;13.800 / 13.200 / 12.600 V                                            ;380/220V                                                              ;3              ;MT;TER;34;2026;8;EMP                                     ;Selado              ;18;3;13800V                                                                ;0;0;0;12;0;0;0;1;171.0;30;12;2026-08-25
1;2026-08-18;TPD-424098;TRANSFORMADOR 30kVA 15kV 3F 220/127V 14400V                                                                             ;5;2026-08-31;1;TRAEL TRANSFORMADORES ELETRICOS LTDA;TRAEL- Matriz;2026-06-24 15:40:06;69530;30 kVA    ;30.0;TRI;15kV           ;2025-11-28;0;;14.400 / 13.800 / 13.200 / 12.600 V                                   ;220/127V                                                              ;4              ;MT;TER;34;2026;8;JC                                      ;Selado              ;18;2;13800V                                                                ;0;1;0;0;0;0;0;1;165.0;5;1;2026-08-25
8;2026-08-18;TPD-435783;TRANSFORMADOR 45kVA 15kV 3F 220/127V 14400V                                                                             ;10;2026-08-31;1;TRAEL TRANSFORMADORES ELETRICOS LTDA;TRAEL- Matriz;2026-06-24 15:40:06;69530;45 kVA    ;45.0;TRI;15kV           ;2026-06-24;0;;14400/13800/13200/12600V                                              ;220/127V                                                              ;4              ;MT;TER;34;2026;8;EMP                                     ;Selado              ;18;3;13800V                                                                ;0;0;0;8;0;0;0;1;167.0;10;8;2026-08-25
54;2026-08-18;TPD-437002;TRANSFORMADOR 5kVA 15kV 1F 240/120V 7967V                                                                               ;800;2026-09-14;153945;NORTE TECH SERVICOS EM ENERGIA LTDA;NORTE TECH;2026-06-19 16:51:39;69406;5 kVA     ;5.0;MON;15kV           ;2026-07-14;1;2026-07-30;7.967/7.621/7.274/6.928/6.582/6.235/5.888 V                           ;240/120V                                                              ;7              ;AM;TER;34;2026;8;JC                                      ;Selado              ;18;2;7.967 V                                                               ;0;54;0;0;0;0;0;1;158.0;800;54;2026-08-25
1;2026-08-18;TPD-438077;TRANSFORMADOR 112,5kVA 15kV 3F 380/220V 13800V                                                                          ;1;2026-09-01;11417;Celesc Distribuição S/A;Celesc Distribuição;2026-07-21 09:53:12;70371;112,5 kVA ;112.5;TRI;15kV           ;2026-07-24;0;;13.800 / 13.200 / 12.600 V                                            ;380/220V                                                              ;3              ;SC;TER;34;2026;8;EMP                                     ;Selado              ;18;3;13800V                                                                ;0;0;0;1;0;0;0;1;314.0;1;1;2026-08-25
1;2026-08-18;TPD-438078;TRANSFORMADOR 150kVA 15kV 3F 380/220V 13800V                                                                            ;1;2026-09-01;11417;Celesc Distribuição S/A;Celesc Distribuição;2026-07-21 09:53:12;70371;150 kVA   ;150.0;TRI;15kV           ;2026-07-30;0;;13.800 / 13.200 / 12.600 V                                            ;380/220V                                                              ;3              ;SC;TER;34;2026;8;EMP                                     ;Selado              ;18;3;13800V                                                                ;0;0;0;1;0;0;0;1;315.0;1;1;2026-08-25
25;2026-08-18;TPD-438925;TRANSFORMADOR 37,5kVA 15kV 1F 220V 7967V                                                                                ;25;2026-09-01;152975;Equatorial S.A.;Equatorial S.A.;2026-06-24 00:00:00;69500;37,5 kVA  ;37.5;MON;15kV           ;2026-07-29;0;;7.967 / 7.621 / 7.275 V                                               ;220V                                                                  ;3              ;MA;TER;34;2026;8;JC                                      ;Selado              ;18;2;7967V                                                                 ;0;25;0;0;0;0;0;1;321.0;25;25;2026-08-25
10;2026-08-19;TPD-366818;TRANSFORMADOR 45kVA 15kV 3F 380/220V 13800V                                                                             ;10;2026-08-31;1;TRAEL TRANSFORMADORES ELETRICOS LTDA;TRAEL- Matriz;2026-06-24 15:40:06;69530;45 kVA    ;45.0;TRI;15kV           ;2023-04-24;1;2026-08-06;13.800 / 13.200 / 12.600 / 12.000 / 11.400 V                          ;380/220V                                                              ;5              ;MT;QUA;34;2026;8;EMP                                     ;Selado              ;19;3;13800V                                                                ;0;0;0;10;0;0;0;1;181.0;10;10;2026-08-25
1;2026-08-19;TPD-378159;TRANSFORMADOR 25kVA 15kV 1F 220V 7967V                                                                                  ;10;2026-10-17;11418;Equatorial Goiás Distribuidora de Energia S/A.;EQTL - GO;2026-08-14 09:18:25;71349;25 kVA    ;25.0;MON;15kV           ;2024-06-07;1;2024-06-20;7.967 / 7.621 / 7.275 V                                               ;220V                                                                  ;3              ;GO;QUA;34;2026;8;JC                                      ;Selado              ;19;2;7967V                                                                 ;0;1;0;0;0;0;0;1;177.0;10;1;2026-08-25
3;2026-08-19;TPD-378243;TRANSFORMADOR 10kVA 36,2kV 1F 220V 19919V                                                                               ;45;2026-09-01;152975;Equatorial S.A.;Equatorial S.A.;2026-06-24 00:00:00;69500;10 kVA    ;10.0;MON;36,2kV         ;2024-04-10;3;2025-11-11;19919/19053/18187 V                                                   ;220V                                                                  ;3              ;MA;QUA;34;2026;8;ENR                                     ;Selado              ;19;1;19919V                                                                ;0;0;0;0;0;3;0;1;173.0;45;3;2026-08-25
20;2026-08-19;TPD-378249;TRANSFORMADOR 10kVA 36,2kV 1F 440/220V 19919V                                                                           ;20;2026-09-01;152975;Equatorial S.A.;Equatorial S.A.;2026-06-24 00:00:00;69500;10 kVA    ;10.0;MON;36,2kV         ;2024-04-04;2;2025-11-11;19919/19053/18187 V                                                   ;440/220V                                                              ;3              ;MA;QUA;34;2026;8;ENR                                     ;Selado              ;19;1;19919V                                                                ;0;0;0;0;0;20;0;1;176.0;20;20;2026-08-25
27;2026-08-19;TPD-378294;TRANSFORMADOR 75kVA 15kV 3F 380/220V 13800V                                                                             ;200;2026-09-01;152975;Equatorial S.A.;Equatorial S.A.;2026-06-24 00:00:00;69500;75 kVA    ;75.0;TRI;15kV           ;2024-05-31;1;2025-05-21;13800/13200/12600 V                                                   ;380/220V                                                              ;3              ;MA;QUA;34;2026;8;EMP                                     ;Selado              ;19;3;13800V                                                                ;0;0;0;27;0;0;0;1;184.0;200;27;2026-08-25
2;2026-08-19;TPD-388239;TRANSFORMADOR 150kVA 15kV 3F 380/220V 13800V                                                                            ;10;2026-08-31;1;TRAEL TRANSFORMADORES ELETRICOS LTDA;TRAEL- Matriz;2026-06-24 15:40:06;69530;150 kVA   ;150.0;TRI;15kV           ;2024-08-15;0;;13.800 / 13.200 / 12.600 V                                            ;380/220V                                                              ;3              ;MT;QUA;34;2026;8;EMP                                     ;Selado              ;19;3;13800V                                                                ;0;0;0;2;0;0;0;1;186.0;10;2;2026-08-25
1;2026-08-19;TPD-393235;TRANSFORMADOR 150kVA 15kV 3F 380/220V 13800V                                                                            ;10;2026-08-31;1;TRAEL TRANSFORMADORES ELETRICOS LTDA;TRAEL- Matriz;2026-06-24 15:40:06;69530;150 kVA   ;150.0;TRI;15kV           ;2024-08-05;0;;13.800 / 13.200 / 12.600 / 12.000 / 11.400 V                          ;380/220V                                                              ;5              ;MT;QUA;34;2026;8;EMP                                     ;Selado              ;19;3;13800V                                                                ;0;0;0;1;0;0;0;1;187.0;10;1;2026-08-25
5;2026-08-19;TPD-397696;TRANSFORMADOR 45kVA 36,2kV 3F 220/127V 36000V                                                                           ;5;2026-08-31;1;TRAEL TRANSFORMADORES ELETRICOS LTDA;TRAEL- Matriz;2026-06-24 15:40:06;69530;45 kVA    ;45.0;TRI;36,2kV         ;2024-12-07;1;2025-11-11;36.000 / 34.500 / 33.000 / 31.500 V                                   ;220/127V                                                              ;4              ;MT;QUA;34;2026;8;EMP                                     ;Selado              ;19;3;34500V                                                                ;0;0;0;5;0;0;0;1;183.0;5;5;2026-08-25
5;2026-08-19;TPD-398911;TRANSFORMADOR 10kVA 36,2kV 1F 240/120V 21651V                                                                           ;10;2026-09-01;11450;Energisa Acre Distribuidora de Energia S.A;EAC -  Energisa AC;2026-05-21 09:58:41;68195;10 kVA    ;10.0;MON;36,2kV         ;2025-06-14;0;;21.651 / 20.785 / 19.919 / 19.053 / 18.187 V                          ;240/120V                                                              ;5              ;AC;QUA;34;2026;8;JC                                      ;Selado              ;19;2;19919V                                                                ;0;5;0;0;0;0;0;1;175.0;10;5;2026-08-25
35;2026-08-19;TPD-410181;TRANSFORMADOR 37,5kVA 15kV 1F 220V 7967V                                                                                ;45;2026-09-01;152975;Equatorial S.A.;Equatorial S.A.;2026-06-24 00:00:00;69500;37,5 kVA  ;37.5;MON;15kV           ;2025-05-21;0;;7.967 / 7.621 / 7.275 V                                               ;220V                                                                  ;3              ;MA;QUA;34;2026;8;JC                                      ;Selado              ;19;2;7967V                                                                 ;0;35;0;0;0;0;0;1;319.0;45;35;2026-08-25
17;2026-08-19;TPD-423496;TRANSFORMADOR 112,5kVA 15kV 3F 380/220V 13800V                                                                          ;30;2026-08-31;1;TRAEL TRANSFORMADORES ELETRICOS LTDA;TRAEL- Matriz;2026-06-24 15:40:06;69530;112,5 kVA ;112.5;TRI;15kV           ;2025-11-06;0;;13.800 / 13.200 / 12.600 V                                            ;380/220V                                                              ;3              ;MT;QUA;34;2026;8;EMP                                     ;Selado              ;19;3;13800V                                                                ;0;0;0;17;0;0;0;1;185.0;30;17;2026-08-25
1;2026-08-19;TPD-424098;TRANSFORMADOR 30kVA 15kV 3F 220/127V 14400V                                                                             ;5;2026-08-31;1;TRAEL TRANSFORMADORES ELETRICOS LTDA;TRAEL- Matriz;2026-06-24 15:40:06;69530;30 kVA    ;30.0;TRI;15kV           ;2025-11-28;0;;14.400 / 13.800 / 13.200 / 12.600 V                                   ;220/127V                                                              ;4              ;MT;QUA;34;2026;8;JC                                      ;Selado              ;19;2;13800V                                                                ;0;1;0;0;0;0;0;1;178.0;5;1;2026-08-25
2;2026-08-19;TPD-433789;TRANSFORMADOR 45kVA 24,2kV 3F 380/220V 23100V                                                                           ;10;2026-08-31;1;TRAEL TRANSFORMADORES ELETRICOS LTDA;TRAEL- Matriz;2026-06-24 15:40:06;69530;45 kVA    ;45.0;TRI;24,2 kV        ;2026-05-19;0;;23100/22000/20900V                                                    ;380/220V                                                              ;3              ;MT;QUA;34;2026;8;EMP                                     ;Selado              ;19;3;23100V                                                                ;0;0;0;2;0;0;0;1;182.0;10;2;2026-08-25
1;2026-08-19;TPD-435783;TRANSFORMADOR 45kVA 15kV 3F 220/127V 14400V                                                                             ;10;2026-08-31;1;TRAEL TRANSFORMADORES ELETRICOS LTDA;TRAEL- Matriz;2026-06-24 15:40:06;69530;45 kVA    ;45.0;TRI;15kV           ;2026-06-24;0;;14400/13800/13200/12600V                                              ;220/127V                                                              ;4              ;MT;QUA;34;2026;8;EMP                                     ;Selado              ;19;3;13800V                                                                ;0;0;0;1;0;0;0;1;180.0;10;1;2026-08-25
78;2026-08-19;TPD-437002;TRANSFORMADOR 5kVA 15kV 1F 240/120V 7967V                                                                               ;800;2026-09-14;153945;NORTE TECH SERVICOS EM ENERGIA LTDA;NORTE TECH;2026-06-19 16:51:39;69406;5 kVA     ;5.0;MON;15kV           ;2026-07-14;1;2026-07-30;7.967/7.621/7.274/6.928/6.582/6.235/5.888 V                           ;240/120V                                                              ;7              ;AM;QUA;34;2026;8;JC                                      ;Selado              ;19;2;7.967 V                                                               ;0;78;0;0;0;0;0;1;174.0;800;78;2026-08-25
9;2026-08-20;TPD-378159;TRANSFORMADOR 25kVA 15kV 1F 220V 7967V                                                                                  ;10;2026-10-17;11418;Equatorial Goiás Distribuidora de Energia S/A.;EQTL - GO;2026-08-14 09:18:25;71349;25 kVA    ;25.0;MON;15kV           ;2024-06-07;1;2024-06-20;7.967 / 7.621 / 7.275 V                                               ;220V                                                                  ;3              ;GO;QUI;34;2026;8;JC                                      ;Selado              ;20;2;7967V                                                                 ;0;9;0;0;0;0;0;1;190.0;10;9;2026-08-25
27;2026-08-20;TPD-378159;TRANSFORMADOR 25kVA 15kV 1F 220V 7967V                                                                                  ;100;2026-09-01;152975;Equatorial S.A.;Equatorial S.A.;2026-06-24 00:00:00;69500;25 kVA    ;25.0;MON;15kV           ;2024-06-07;1;2024-06-20;7.967 / 7.621 / 7.275 V                                               ;220V                                                                  ;3              ;MA;QUI;34;2026;8;JC                                      ;Selado              ;20;2;7967V                                                                 ;0;27;0;0;0;0;0;1;190.0;100;27;2026-08-25
23;2026-08-20;TPD-378243;TRANSFORMADOR 10kVA 36,2kV 1F 220V 19919V                                                                               ;45;2026-09-01;152975;Equatorial S.A.;Equatorial S.A.;2026-06-24 00:00:00;69500;10 kVA    ;10.0;MON;36,2kV         ;2024-04-10;3;2025-11-11;19919/19053/18187 V                                                   ;220V                                                                  ;3              ;MA;QUI;34;2026;8;ENR                                     ;Selado              ;20;1;19919V                                                                ;0;0;0;0;0;23;0;1;188.0;45;23;2026-08-25
17;2026-08-20;TPD-378294;TRANSFORMADOR 75kVA 15kV 3F 380/220V 13800V                                                                             ;200;2026-09-01;152975;Equatorial S.A.;Equatorial S.A.;2026-06-24 00:00:00;69500;75 kVA    ;75.0;TRI;15kV           ;2024-05-31;1;2025-05-21;13800/13200/12600 V                                                   ;380/220V                                                              ;3              ;MA;QUI;34;2026;8;EMP                                     ;Selado              ;20;3;13800V                                                                ;0;0;0;17;0;0;0;1;195.0;200;17;2026-08-25
3;2026-08-20;TPD-393235;TRANSFORMADOR 150kVA 15kV 3F 380/220V 13800V                                                                            ;10;2026-08-31;1;TRAEL TRANSFORMADORES ELETRICOS LTDA;TRAEL- Matriz;2026-06-24 15:40:06;69530;150 kVA   ;150.0;TRI;15kV           ;2024-08-05;0;;13.800 / 13.200 / 12.600 / 12.000 / 11.400 V                          ;380/220V                                                              ;5              ;MT;QUI;34;2026;8;EMP                                     ;Selado              ;20;3;13800V                                                                ;0;0;0;3;0;0;0;1;200.0;10;3;2026-08-25
8;2026-08-20;TPD-414277;TRANSFORMADOR 75kVA 15kV 3F 220/127V 14400V                                                                             ;10;2026-08-31;1;TRAEL TRANSFORMADORES ELETRICOS LTDA;TRAEL- Matriz;2026-06-24 15:40:06;69530;75 kVA    ;75.0;TRI;15kV           ;2025-08-26;0;;14.400 / 13.800 / 13.200 / 12.600 V                                   ;220/127V                                                              ;4              ;MT;QUI;34;2026;8;EMP                                     ;Selado              ;20;3;13800V                                                                ;0;0;0;8;0;0;0;1;194.0;10;8;2026-08-25
1;2026-08-20;TPD-414286;TRANSFORMADOR 75kVA 15kV 3F 380/220V 13800V                                                                             ;40;2026-08-31;1;TRAEL TRANSFORMADORES ELETRICOS LTDA;TRAEL- Matriz;2026-06-24 15:40:06;69530;75 kVA    ;75.0;TRI;15kV           ;2025-09-02;0;;13800/13200/12600 V                                                   ;380/220V                                                              ;3              ;MT;QUI;34;2026;8;EMP                                     ;Selado              ;20;3;13800V                                                                ;0;0;0;1;0;0;0;1;196.0;40;1;2026-08-25
1;2026-08-20;TPD-414286;TRANSFORMADOR 75kVA 15kV 3F 380/220V 13800V                                                                             ;40;2026-08-31;1;TRAEL TRANSFORMADORES ELETRICOS LTDA;TRAEL- Matriz;2026-06-24 15:40:06;69530;75 kVA    ;75.0;TRI;15kV           ;2025-09-02;0;;13800/13200/12600 V                                                   ;380/220V                                                              ;3              ;MT;QUI;34;2026;8;EMP                                     ;Selado              ;20;3;13800V                                                                ;0;0;0;1;0;0;0;1;197.0;40;1;2026-08-25
1;2026-08-20;TPD-423496;TRANSFORMADOR 112,5kVA 15kV 3F 380/220V 13800V                                                                          ;30;2026-08-31;1;TRAEL TRANSFORMADORES ELETRICOS LTDA;TRAEL- Matriz;2026-06-24 15:40:06;69530;112,5 kVA ;112.5;TRI;15kV           ;2025-11-06;0;;13.800 / 13.200 / 12.600 V                                            ;380/220V                                                              ;3              ;MT;QUI;34;2026;8;EMP                                     ;Selado              ;20;3;13800V                                                                ;0;0;0;1;0;0;0;1;198.0;30;1;2026-08-25
16;2026-08-20;TPD-423606;TRANSFORMADOR 112,5kVA 15kV 3F 380/220V 13800V                                                                          ;40;2026-08-31;1;TRAEL TRANSFORMADORES ELETRICOS LTDA;TRAEL- Matriz;2026-06-24 15:40:06;69530;112,5 kVA ;112.5;TRI;15kV           ;2025-11-24;0;;13.800 / 13.200 / 12.600 / 12.000 / 11.400 V                          ;380/220V                                                              ;5              ;MT;QUI;34;2026;8;EMP                                     ;Selado              ;20;3;13800V                                                                ;0;0;0;16;0;0;0;1;199.0;40;16;2026-08-25
1;2026-08-20;TPD-424098;TRANSFORMADOR 30kVA 15kV 3F 220/127V 14400V                                                                             ;5;2026-08-31;1;TRAEL TRANSFORMADORES ELETRICOS LTDA;TRAEL- Matriz;2026-06-24 15:40:06;69530;30 kVA    ;30.0;TRI;15kV           ;2025-11-28;0;;14.400 / 13.800 / 13.200 / 12.600 V                                   ;220/127V                                                              ;4              ;MT;QUI;34;2026;8;JC                                      ;Selado              ;20;2;13800V                                                                ;0;1;0;0;0;0;0;1;191.0;5;1;2026-08-25
10;2026-08-20;TPD-429256;TRANSFORMADOR 45kVA 36,2kV 3F 380/220V 36000V                                                                           ;10;2026-08-31;1;TRAEL TRANSFORMADORES ELETRICOS LTDA;TRAEL- Matriz;2026-06-24 15:40:06;69530;45 kVA    ;45.0;TRI;36,2kV         ;2026-03-30;0;;36.000 / 34.500 / 33.000 / 31.500 V                                   ;380/220V                                                              ;4              ;MT;QUI;34;2026;8;EMP                                     ;Selado              ;20;3;34500V                                                                ;0;0;0;10;0;0;0;1;193.0;10;10;2026-08-25
8;2026-08-20;TPD-433789;TRANSFORMADOR 45kVA 24,2kV 3F 380/220V 23100V                                                                           ;10;2026-08-31;1;TRAEL TRANSFORMADORES ELETRICOS LTDA;TRAEL- Matriz;2026-06-24 15:40:06;69530;45 kVA    ;45.0;TRI;24,2 kV        ;2026-05-19;0;;23100/22000/20900V                                                    ;380/220V                                                              ;3              ;MT;QUI;34;2026;8;EMP                                     ;Selado              ;20;3;23100V                                                                ;0;0;0;8;0;0;0;1;192.0;10;8;2026-08-25
84;2026-08-20;TPD-437002;TRANSFORMADOR 5kVA 15kV 1F 240/120V 7967V                                                                               ;800;2026-09-14;153945;NORTE TECH SERVICOS EM ENERGIA LTDA;NORTE TECH;2026-06-19 16:51:39;69406;5 kVA     ;5.0;MON;15kV           ;2026-07-14;1;2026-07-30;7.967/7.621/7.274/6.928/6.582/6.235/5.888 V                           ;240/120V                                                              ;7              ;AM;QUI;34;2026;8;JC                                      ;Selado              ;20;2;7.967 V                                                               ;0;84;0;0;0;0;0;1;189.0;800;84;2026-08-25
41;2026-08-21;TPD-378159;TRANSFORMADOR 25kVA 15kV 1F 220V 7967V                                                                                  ;100;2026-09-01;152975;Equatorial S.A.;Equatorial S.A.;2026-06-24 00:00:00;69500;25 kVA    ;25.0;MON;15kV           ;2024-06-07;1;2024-06-20;7.967 / 7.621 / 7.275 V                                               ;220V                                                                  ;3              ;MA;SEX;34;2026;8;JC                                      ;Selado              ;21;2;7967V                                                                 ;0;41;0;0;0;0;0;1;204.0;100;41;2026-08-25
19;2026-08-21;TPD-378243;TRANSFORMADOR 10kVA 36,2kV 1F 220V 19919V                                                                               ;45;2026-09-01;152975;Equatorial S.A.;Equatorial S.A.;2026-06-24 00:00:00;69500;10 kVA    ;10.0;MON;36,2kV         ;2024-04-10;3;2025-11-11;19919/19053/18187 V                                                   ;220V                                                                  ;3              ;MA;SEX;34;2026;8;ENR                                     ;Selado              ;21;1;19919V                                                                ;0;0;0;0;0;19;0;1;201.0;45;19;2026-08-25
4;2026-08-21;TPD-378246;TRANSFORMADOR 10kVA 36,2kV 1F 254/127V 19919V                                                                           ;50;2026-09-01;152975;Equatorial S.A.;Equatorial S.A.;2026-06-24 00:00:00;69500;10 kVA    ;10.0;MON;36,2kV         ;2024-03-27;4;2025-11-11;19919/19053/18187 V                                                   ;254/127V                                                              ;3              ;MA;SEX;34;2026;8;ENR                                     ;Selado              ;21;1;19919V                                                                ;0;0;0;0;0;4;0;1;203.0;50;4;2026-08-25
10;2026-08-21;TPD-386830;TRANSFORMADOR 75kVA 15kV 3F 220/127V 13800V                                                                             ;10;2026-08-31;1;TRAEL TRANSFORMADORES ELETRICOS LTDA;TRAEL- Matriz;2026-06-24 15:40:06;69530;75 kVA    ;75.0;TRI;15kV           ;2024-06-21;1;2024-08-16;13800/13200/12600 V                                                   ;220/127V                                                              ;3              ;MT;SEX;34;2026;8;EMP                                     ;Selado              ;21;3;13800V                                                                ;0;0;0;10;0;0;0;1;209.0;10;10;2026-08-25
3;2026-08-21;TPD-393235;TRANSFORMADOR 150kVA 15kV 3F 380/220V 13800V                                                                            ;10;2026-08-31;1;TRAEL TRANSFORMADORES ELETRICOS LTDA;TRAEL- Matriz;2026-06-24 15:40:06;69530;150 kVA   ;150.0;TRI;15kV           ;2024-08-05;0;;13.800 / 13.200 / 12.600 / 12.000 / 11.400 V                          ;380/220V                                                              ;5              ;MT;SEX;34;2026;8;EMP                                     ;Selado              ;21;3;13800V                                                                ;0;0;0;3;0;0;0;1;211.0;10;3;2026-08-25
2;2026-08-21;TPD-420289;TRANSFORMADOR 75kVA 15kV 3F 380/220V 14400V                                                                             ;10;2026-08-31;1;TRAEL TRANSFORMADORES ELETRICOS LTDA;TRAEL- Matriz;2026-06-24 15:40:06;69530;75 kVA    ;75.0;TRI;15kV           ;2025-10-23;0;;14.400 / 13.800 / 13.200 / 12.600 V                                   ;380/220V                                                              ;4              ;MT;SEX;34;2026;8;EMP                                     ;Selado              ;21;3;13800V                                                                ;0;0;0;2;0;0;0;1;208.0;10;2;2026-08-25
10;2026-08-21;TPD-420746;TRANSFORMADOR 75kVA 15kV 3F 380/220 14400V                                                                              ;10;2026-08-31;1;TRAEL TRANSFORMADORES ELETRICOS LTDA;TRAEL- Matriz;2026-06-24 15:40:06;69530;75 kVA    ;75.0;TRI;15kV           ;2025-10-27;0;;14400/13800/13200/12600V                                              ;380/220V                                                              ;4              ;MT;SEX;34;2026;8;EMP                                     ;Selado              ;21;3;13800V                                                                ;0;0;0;10;0;0;0;1;207.0;10;10;2026-08-25
17;2026-08-21;TPD-423606;TRANSFORMADOR 112,5kVA 15kV 3F 380/220V 13800V                                                                          ;40;2026-08-31;1;TRAEL TRANSFORMADORES ELETRICOS LTDA;TRAEL- Matriz;2026-06-24 15:40:06;69530;112,5 kVA ;112.5;TRI;15kV           ;2025-11-24;0;;13.800 / 13.200 / 12.600 / 12.000 / 11.400 V                          ;380/220V                                                              ;5              ;MT;SEX;34;2026;8;EMP                                     ;Selado              ;21;3;13800V                                                                ;0;0;0;17;0;0;0;1;210.0;40;17;2026-08-25
1;2026-08-21;TPD-424098;TRANSFORMADOR 30kVA 15kV 3F 220/127V 14400V                                                                             ;5;2026-08-31;1;TRAEL TRANSFORMADORES ELETRICOS LTDA;TRAEL- Matriz;2026-06-24 15:40:06;69530;30 kVA    ;30.0;TRI;15kV           ;2025-11-28;0;;14.400 / 13.800 / 13.200 / 12.600 V                                   ;220/127V                                                              ;4              ;MT;SEX;34;2026;8;JC                                      ;Selado              ;21;2;13800V                                                                ;0;1;0;0;0;0;0;1;205.0;5;1;2026-08-25
18;2026-08-21;TPD-435058;TRANSFORMADOR 45kVA 15kV 3F 220/127V 14400V                                                                             ;20;2026-08-31;1;TRAEL TRANSFORMADORES ELETRICOS LTDA;TRAEL- Matriz;2026-06-24 15:40:06;69530;45 kVA    ;45.0;TRI;15kV           ;2026-06-18;0;;14400/13800/13200/12600V                                              ;220/127V                                                              ;4              ;MT;SEX;34;2026;8;EMP                                     ;Selado              ;21;3;13800V                                                                ;0;0;0;18;0;0;0;1;206.0;20;18;2026-08-25
84;2026-08-21;TPD-437002;TRANSFORMADOR 5kVA 15kV 1F 240/120V 7967V                                                                               ;800;2026-09-14;153945;NORTE TECH SERVICOS EM ENERGIA LTDA;NORTE TECH;2026-06-19 16:51:39;69406;5 kVA     ;5.0;MON;15kV           ;2026-07-14;1;2026-07-30;7.967/7.621/7.274/6.928/6.582/6.235/5.888 V                           ;240/120V                                                              ;7              ;AM;SEX;34;2026;8;JC                                      ;Selado              ;21;2;7.967 V                                                               ;0;84;0;0;0;0;0;1;202.0;800;84;2026-08-25
10;2026-08-24;TPD-369707;TRANSFORMADOR 112,5kVA 15kV 3F 380/220V 13800V                                                                          ;30;2026-08-31;1;TRAEL TRANSFORMADORES ELETRICOS LTDA;TRAEL- Matriz;2026-06-24 15:40:06;69530;112,5 kVA ;112.5;TRI;15kV           ;2023-07-20;2;2026-07-28;13.800 / 13.200 / 12.600 / 12.000 / 11.400 V                          ;380/220V                                                              ;5              ;MT;SEG;35;2026;8;EMP                                     ;Selado              ;24;3;13800V                                                                ;0;0;0;10;0;0;0;1;226.0;30;10;2026-08-25
22;2026-08-24;TPD-378159;TRANSFORMADOR 25kVA 15kV 1F 220V 7967V                                                                                  ;100;2026-09-01;152975;Equatorial S.A.;Equatorial S.A.;2026-06-24 00:00:00;69500;25 kVA    ;25.0;MON;15kV           ;2024-06-07;1;2024-06-20;7.967 / 7.621 / 7.275 V                                               ;220V                                                                  ;3              ;MA;SEG;35;2026;8;JC                                      ;Selado              ;24;2;7967V                                                                 ;0;22;0;0;0;0;0;1;215.0;100;22;2026-08-25
23;2026-08-24;TPD-378246;TRANSFORMADOR 10kVA 36,2kV 1F 254/127V 19919V                                                                           ;50;2026-09-01;152975;Equatorial S.A.;Equatorial S.A.;2026-06-24 00:00:00;69500;10 kVA    ;10.0;MON;36,2kV         ;2024-03-27;4;2025-11-11;19919/19053/18187 V                                                   ;254/127V                                                              ;3              ;MA;SEG;35;2026;8;ENR                                     ;Selado              ;24;1;19919V                                                                ;0;0;0;0;0;23;0;1;213.0;50;23;2026-08-25
14;2026-08-24;TPD-390831;TRANSFORMADOR 37,5kVA 15kV 1F 240/120V 7967V                                                                            ;90;2026-09-01;11419;Cemig Distribuição S/A;Cemig D;2026-06-23 00:00:00;69455;37,5 kVA  ;37.5;MON;15kV           ;2025-01-06;2;2026-03-13;7967/7621/7275V                                                       ;240/120V                                                              ;3              ;MG;SEG;35;2026;8;JC                                      ;Selado              ;24;2;7967V                                                                 ;0;14;0;0;0;0;0;1;217.0;90;14;2026-08-25
3;2026-08-24;TPD-393235;TRANSFORMADOR 150kVA 15kV 3F 380/220V 13800V                                                                            ;10;2026-08-31;1;TRAEL TRANSFORMADORES ELETRICOS LTDA;TRAEL- Matriz;2026-06-24 15:40:06;69530;150 kVA   ;150.0;TRI;15kV           ;2024-08-05;0;;13.800 / 13.200 / 12.600 / 12.000 / 11.400 V                          ;380/220V                                                              ;5              ;MT;SEG;35;2026;8;EMP                                     ;Selado              ;24;3;13800V                                                                ;0;0;0;3;0;0;0;1;227.0;10;3;2026-08-25
3;2026-08-24;TPD-396639;TRANSFORMADOR 5kVA 36,2kV 1F 254/127V 21651V                                                                            ;5;2026-08-31;1;TRAEL TRANSFORMADORES ELETRICOS LTDA;TRAEL- Matriz;2026-06-24 15:40:06;69530;5 kVA     ;5.0;MON;36,2kV         ;2024-12-09;0;;21.651 / 20.785 / 19.919 / 19.053 / 18.187 V                          ;254/127V                                                              ;5              ;MT;SEG;35;2026;8;ENR                                     ;Selado              ;24;1;19919V                                                                ;0;0;0;0;0;3;0;1;212.0;5;3;2026-08-25
2;2026-08-24;TPD-414277;TRANSFORMADOR 75kVA 15kV 3F 220/127V 14400V                                                                             ;10;2026-08-31;1;TRAEL TRANSFORMADORES ELETRICOS LTDA;TRAEL- Matriz;2026-06-24 15:40:06;69530;75 kVA    ;75.0;TRI;15kV           ;2025-08-26;0;;14.400 / 13.800 / 13.200 / 12.600 V                                   ;220/127V                                                              ;4              ;MT;SEG;35;2026;8;EMP                                     ;Selado              ;24;3;13800V                                                                ;0;0;0;2;0;0;0;1;221.0;10;2;2026-08-25
10;2026-08-24;TPD-416452;TRANSFORMADOR 75kVA 15kV 3F 380/220V 13800V                                                                             ;10;2026-08-31;1;TRAEL TRANSFORMADORES ELETRICOS LTDA;TRAEL- Matriz;2026-06-24 15:40:06;69530;75 kVA    ;75.0;TRI;15kV           ;2025-08-15;0;;13800/13200/12600 V                                                   ;380/220V                                                              ;3              ;MT;SEG;35;2026;8;EMP                                     ;Selado              ;24;3;13800V                                                                ;0;0;0;10;0;0;0;1;222.0;10;10;2026-08-25
5;2026-08-24;TPD-420289;TRANSFORMADOR 75kVA 15kV 3F 380/220V 14400V                                                                             ;10;2026-08-31;1;TRAEL TRANSFORMADORES ELETRICOS LTDA;TRAEL- Matriz;2026-06-24 15:40:06;69530;75 kVA    ;75.0;TRI;15kV           ;2025-10-23;0;;14.400 / 13.800 / 13.200 / 12.600 V                                   ;380/220V                                                              ;4              ;MT;SEG;35;2026;8;EMP                                     ;Selado              ;24;3;13800V                                                                ;0;0;0;5;0;0;0;1;223.0;10;5;2026-08-25
10;2026-08-24;TPD-420747;TRANSFORMADOR 75kVA 36,2kV 3F 220/127V 36000V                                                                           ;10;2026-08-31;1;TRAEL TRANSFORMADORES ELETRICOS LTDA;TRAEL- Matriz;2026-06-24 15:40:06;69530;75 kVA    ;75.0;TRI;36,2kV         ;2025-10-27;0;;36.000 / 34.500 / 33.000 / 31.500 V                                   ;220/127V                                                              ;4              ;MT;SEG;35;2026;8;EMP                                     ;Selado              ;24;3;34500V                                                                ;0;0;0;10;0;0;0;1;224.0;10;10;2026-08-25
7;2026-08-24;TPD-423606;TRANSFORMADOR 112,5kVA 15kV 3F 380/220V 13800V                                                                          ;40;2026-08-31;1;TRAEL TRANSFORMADORES ELETRICOS LTDA;TRAEL- Matriz;2026-06-24 15:40:06;69530;112,5 kVA ;112.5;TRI;15kV           ;2025-11-24;0;;13.800 / 13.200 / 12.600 / 12.000 / 11.400 V                          ;380/220V                                                              ;5              ;MT;SEG;35;2026;8;EMP                                     ;Selado              ;24;3;13800V                                                                ;0;0;0;7;0;0;0;1;225.0;40;7;2026-08-25
1;2026-08-24;TPD-424098;TRANSFORMADOR 30kVA 15kV 3F 220/127V 14400V                                                                             ;5;2026-08-31;1;TRAEL TRANSFORMADORES ELETRICOS LTDA;TRAEL- Matriz;2026-06-24 15:40:06;69530;30 kVA    ;30.0;TRI;15kV           ;2025-11-28;0;;14.400 / 13.800 / 13.200 / 12.600 V                                   ;220/127V                                                              ;4              ;MT;SEG;35;2026;8;JC                                      ;Selado              ;24;2;13800V                                                                ;0;1;0;0;0;0;0;1;216.0;5;1;2026-08-25
2;2026-08-24;TPD-435058;TRANSFORMADOR 45kVA 15kV 3F 220/127V 14400V                                                                             ;20;2026-08-31;1;TRAEL TRANSFORMADORES ELETRICOS LTDA;TRAEL- Matriz;2026-06-24 15:40:06;69530;45 kVA    ;45.0;TRI;15kV           ;2026-06-18;0;;14400/13800/13200/12600V                                              ;220/127V                                                              ;4              ;MT;SEG;35;2026;8;EMP                                     ;Selado              ;24;3;13800V                                                                ;0;0;0;2;0;0;0;1;220.0;20;2;2026-08-25
1;2026-08-24;TPD-435783;TRANSFORMADOR 45kVA 15kV 3F 220/127V 14400V                                                                             ;10;2026-08-31;1;TRAEL TRANSFORMADORES ELETRICOS LTDA;TRAEL- Matriz;2026-06-24 15:40:06;69530;45 kVA    ;45.0;TRI;15kV           ;2026-06-24;0;;14400/13800/13200/12600V                                              ;220/127V                                                              ;4              ;MT;SEG;35;2026;8;EMP                                     ;Selado              ;24;3;13800V                                                                ;0;0;0;1;0;0;0;1;219.0;10;1;2026-08-25
15;2026-08-24;TPD-435784;TRANSFORMADOR 45kVA 15kV 3F 220/127V 13800V                                                                             ;100;2026-08-31;1;TRAEL TRANSFORMADORES ELETRICOS LTDA;TRAEL- Matriz;2026-06-24 15:40:06;69530;45 kVA    ;45.0;TRI;15kV           ;2026-06-24;0;;13.800 / 13.200 / 12.600 V                                            ;220/127V                                                              ;3              ;MT;SEG;35;2026;8;EMP                                     ;Selado              ;24;3;13800V                                                                ;0;0;0;15;0;0;0;1;218.0;100;15;2026-08-25
81;2026-08-24;TPD-437002;TRANSFORMADOR 5kVA 15kV 1F 240/120V 7967V                                                                               ;800;2026-09-14;153945;NORTE TECH SERVICOS EM ENERGIA LTDA;NORTE TECH;2026-06-19 16:51:39;69406;5 kVA     ;5.0;MON;15kV           ;2026-07-14;1;2026-07-30;7.967/7.621/7.274/6.928/6.582/6.235/5.888 V                           ;240/120V                                                              ;7              ;AM;SEG;35;2026;8;JC                                      ;Selado              ;24;2;7.967 V                                                               ;0;81;0;0;0;0;0;1;214.0;800;81;2026-08-25
